date,date_iso,incidents,victims_killed,victims_injured,suspects_killed,suspects_injured,total_shot
"January 1, 2017",2017-01-01,186,62,169,14,4,249
"January 2, 2017",2017-01-02,111,32,83,4,5,124
"January 3, 2017",2017-01-03,118,40,86,9,12,147
"January 4, 2017",2017-01-04,76,29,54,6,3,92
"January 5, 2017",2017-01-05,62,26,39,4,4,73
"January 6, 2017",2017-01-06,72,29,62,6,7,104
"January 7, 2017",2017-01-07,103,36,70,13,7,126
"January 8, 2017",2017-01-08,87,42,57,9,5,113
"January 9, 2017",2017-01-09,92,44,50,6,9,109
"January 10, 2017",2017-01-10,97,37,63,6,7,113
"January 11, 2017",2017-01-11,102,36,79,4,4,123
"January 12, 2017",2017-01-12,103,35,78,5,11,129
"January 13, 2017",2017-01-13,109,49,66,6,9,130
"January 14, 2017",2017-01-14,124,36,97,9,8,150
"January 15, 2017",2017-01-15,120,41,85,9,7,142
"January 16, 2017",2017-01-16,132,44,108,8,9,169
"January 17, 2017",2017-01-17,109,33,76,5,10,124
"January 18, 2017",2017-01-18,113,42,69,11,4,126
"January 19, 2017",2017-01-19,94,25,65,7,6,103
"January 20, 2017",2017-01-20,95,37,66,7,7,117
"January 21, 2017",2017-01-21,118,38,102,9,4,153
"January 22, 2017",2017-01-22,101,45,86,4,3,138
"January 23, 2017",2017-01-23,100,40,66,8,7,121
"January 24, 2017",2017-01-24,96,28,65,14,4,111
"January 25, 2017",2017-01-25,95,26,83,8,2,119
"January 26, 2017",2017-01-26,93,39,62,9,6,116
"January 27, 2017",2017-01-27,103,43,83,3,5,134
"January 28, 2017",2017-01-28,134,42,107,7,10,166
"January 29, 2017",2017-01-29,112,45,86,9,5,145
"January 30, 2017",2017-01-30,113,41,75,9,9,134
"January 31, 2017",2017-01-31,93,43,69,3,5,120
"February 1, 2017",2017-02-01,91,34,62,10,6,112
"February 2, 2017",2017-02-02,81,32,55,6,6,99
"February 3, 2017",2017-02-03,88,29,51,14,7,101
"February 4, 2017",2017-02-04,87,34,60,8,5,107
"February 5, 2017",2017-02-05,102,38,72,6,5,121
"February 6, 2017",2017-02-06,99,38,79,6,6,129
"February 7, 2017",2017-02-07,116,43,80,11,9,143
"February 8, 2017",2017-02-08,87,35,66,3,3,107
"February 9, 2017",2017-02-09,90,27,61,10,7,105
"February 10, 2017",2017-02-10,78,26,55,11,11,103
"February 11, 2017",2017-02-11,121,37,107,8,5,157
"February 12, 2017",2017-02-12,127,43,114,7,6,170
"February 13, 2017",2017-02-13,91,35,58,7,5,105
"February 14, 2017",2017-02-14,80,43,41,5,6,95
"February 15, 2017",2017-02-15,90,41,56,12,6,115
"February 16, 2017",2017-02-16,87,31,54,8,6,99
"February 17, 2017",2017-02-17,97,33,72,8,5,118
"February 18, 2017",2017-02-18,111,37,96,6,4,143
"February 19, 2017",2017-02-19,133,41,117,9,9,176
"February 20, 2017",2017-02-20,108,30,87,7,7,131
"February 21, 2017",2017-02-21,88,34,54,8,6,102
"February 22, 2017",2017-02-22,102,33,82,8,4,127
"February 23, 2017",2017-02-23,94,36,78,6,7,127
"February 24, 2017",2017-02-24,81,21,64,10,4,99
"February 25, 2017",2017-02-25,84,27,82,4,5,118
"February 26, 2017",2017-02-26,69,31,47,4,2,84
"February 27, 2017",2017-02-27,80,30,56,5,4,95
"February 28, 2017",2017-02-28,90,25,74,7,12,118
"March 1, 2017",2017-03-01,18,5,15,0,1,21
"March 2, 2017",2017-03-02,73,25,53,9,5,92
"March 3, 2017",2017-03-03,69,26,53,4,2,85
"March 4, 2017",2017-03-04,97,50,68,8,3,129
"March 5, 2017",2017-03-05,85,25,76,2,6,109
"March 6, 2017",2017-03-06,78,23,56,6,7,92
"March 7, 2017",2017-03-07,80,25,56,5,8,94
"March 8, 2017",2017-03-08,81,31,48,13,5,97
"March 9, 2017",2017-03-09,83,28,54,8,6,96
"March 10, 2017",2017-03-10,86,37,59,5,10,111
"March 11, 2017",2017-03-11,82,34,59,4,5,102
"March 12, 2017",2017-03-12,75,34,51,6,3,94
"March 13, 2017",2017-03-13,74,28,48,12,9,97
"March 14, 2017",2017-03-14,68,23,43,7,4,77
"March 15, 2017",2017-03-15,80,40,52,5,5,102
"March 16, 2017",2017-03-16,32,9,22,6,1,38
"March 17, 2017",2017-03-17,85,36,57,6,4,103
"March 18, 2017",2017-03-18,94,36,74,8,5,123
"March 19, 2017",2017-03-19,112,41,77,13,2,133
"March 20, 2017",2017-03-20,82,30,58,5,4,97
"March 21, 2017",2017-03-21,85,23,72,6,6,107
"March 22, 2017",2017-03-22,90,37,65,5,4,111
"March 23, 2017",2017-03-23,57,25,39,6,1,71
"March 24, 2017",2017-03-24,23,6,25,1,7,39
"March 25, 2017",2017-03-25,61,19,57,3,3,82
"March 26, 2017",2017-03-26,60,22,54,4,4,84
"March 27, 2017",2017-03-27,34,13,29,3,3,48
"March 28, 2017",2017-03-28,36,13,30,1,0,44
"March 29, 2017",2017-03-29,37,12,23,5,2,42
"March 30, 2017",2017-03-30,18,8,10,4,1,23
"March 31, 2017",2017-03-31,46,19,36,1,2,58
"April 1, 2017",2017-04-01,62,24,50,2,5,81
"April 2, 2017",2017-04-02,77,29,68,2,3,102
"April 3, 2017",2017-04-03,52,21,36,2,1,60
"April 4, 2017",2017-04-04,56,20,37,6,2,65
"April 5, 2017",2017-04-05,71,29,48,3,3,83
"April 6, 2017",2017-04-06,19,4,14,3,1,22
"April 7, 2017",2017-04-07,58,22,42,5,6,75
"April 8, 2017",2017-04-08,76,32,55,3,3,93
"April 9, 2017",2017-04-09,62,19,58,5,1,83
"April 10, 2017",2017-04-10,57,21,39,5,4,69
"April 11, 2017",2017-04-11,61,24,41,0,6,71
"April 12, 2017",2017-04-12,34,15,20,3,3,41
"April 13, 2017",2017-04-13,59,22,47,3,1,73
"April 14, 2017",2017-04-14,55,32,31,3,0,66
"April 15, 2017",2017-04-15,82,22,89,3,3,117
"April 16, 2017",2017-04-16,20,9,17,0,0,26
"April 17, 2017",2017-04-17,19,5,15,0,0,20
"April 18, 2017",2017-04-18,74,24,62,2,5,93
"April 19, 2017",2017-04-19,56,16,41,0,6,63
"April 20, 2017",2017-04-20,54,22,38,5,4,69
"April 21, 2017",2017-04-21,38,11,29,1,0,41
"April 22, 2017",2017-04-22,103,32,85,2,5,124
"April 23, 2017",2017-04-23,63,17,52,5,2,76
"April 24, 2017",2017-04-24,102,39,78,8,8,133
"April 25, 2017",2017-04-25,18,3,14,2,1,20
"April 26, 2017",2017-04-26,71,23,54,9,7,93
"April 27, 2017",2017-04-27,16,8,8,0,2,18
"April 28, 2017",2017-04-28,52,20,37,1,6,64
"April 29, 2017",2017-04-29,40,17,27,2,1,47
"April 30, 2017",2017-04-30,109,46,85,9,3,143
"May 1, 2017",2017-05-01,59,19,46,4,3,72
"May 2, 2017",2017-05-02,57,19,42,2,5,68
"May 3, 2017",2017-05-03,68,28,42,12,3,85
"May 4, 2017",2017-05-04,49,18,33,2,1,54
"May 5, 2017",2017-05-05,55,19,43,5,1,68
"May 6, 2017",2017-05-06,81,31,51,10,5,97
"May 7, 2017",2017-05-07,56,18,47,2,1,68
"May 8, 2017",2017-05-08,64,23,45,2,3,73
"May 9, 2017",2017-05-09,74,31,47,3,8,89
"May 10, 2017",2017-05-10,10,4,7,0,0,11
"May 11, 2017",2017-05-11,57,25,35,4,3,67
"May 12, 2017",2017-05-12,82,30,57,3,7,97
"May 13, 2017",2017-05-13,65,21,52,1,1,75
"May 14, 2017",2017-05-14,20,8,19,0,0,27
"May 15, 2017",2017-05-15,45,10,43,2,4,59
"May 16, 2017",2017-05-16,57,22,39,3,7,71
"May 17, 2017",2017-05-17,56,20,39,2,2,63
"May 18, 2017",2017-05-18,68,26,48,5,2,81
"May 19, 2017",2017-05-19,58,22,38,5,5,70
"May 20, 2017",2017-05-20,82,27,67,4,5,103
"May 21, 2017",2017-05-21,22,9,17,3,0,29
"May 22, 2017",2017-05-22,19,7,15,1,0,23
"May 23, 2017",2017-05-23,49,15,33,5,4,57
"May 24, 2017",2017-05-24,35,13,23,2,4,42
"May 25, 2017",2017-05-25,17,4,14,1,1,20
"May 26, 2017",2017-05-26,59,20,45,5,4,74
"May 27, 2017",2017-05-27,43,22,34,2,4,62
"May 28, 2017",2017-05-28,63,28,53,4,3,88
"May 29, 2017",2017-05-29,63,22,52,4,2,80
"May 30, 2017",2017-05-30,39,12,32,2,0,46
"May 31, 2017",2017-05-31,60,31,38,5,5,79
"June 1, 2017",2017-06-01,41,16,32,0,0,48
"June 2, 2017",2017-06-02,58,15,46,8,1,70
"June 3, 2017",2017-06-03,64,24,50,2,3,79
"June 4, 2017",2017-06-04,57,17,40,3,3,63
"June 5, 2017",2017-06-05,83,27,58,4,5,94
"June 6, 2017",2017-06-06,58,21,44,5,5,75
"June 7, 2017",2017-06-07,35,17,17,3,3,40
"June 8, 2017",2017-06-08,57,27,43,5,3,78
"June 9, 2017",2017-06-09,65,25,48,6,6,85
"June 10, 2017",2017-06-10,20,7,15,1,1,24
"June 11, 2017",2017-06-11,85,28,77,2,5,112
"June 12, 2017",2017-06-12,113,42,74,11,10,137
"June 13, 2017",2017-06-13,17,4,14,1,0,19
"June 14, 2017",2017-06-14,54,19,50,6,2,77
"June 15, 2017",2017-06-15,39,14,32,2,4,52
"June 16, 2017",2017-06-16,64,23,52,4,1,80
"June 17, 2017",2017-06-17,59,24,43,2,4,73
"June 18, 2017",2017-06-18,47,20,37,3,1,61
"June 19, 2017",2017-06-19,22,9,9,2,4,24
"June 20, 2017",2017-06-20,19,7,12,1,2,22
"June 21, 2017",2017-06-21,36,10,29,0,2,41
"June 22, 2017",2017-06-22,90,33,78,7,1,119
"June 23, 2017",2017-06-23,80,26,56,5,4,91
"June 24, 2017",2017-06-24,61,18,58,5,3,84
"June 25, 2017",2017-06-25,81,26,74,6,2,108
"June 26, 2017",2017-06-26,18,8,13,1,1,23
"June 27, 2017",2017-06-27,20,7,18,1,0,26
"June 28, 2017",2017-06-28,17,9,14,4,2,29
"June 29, 2017",2017-06-29,37,8,32,4,1,45
"June 30, 2017",2017-06-30,58,25,45,4,0,74
"July 1, 2017",2017-07-01,19,10,13,1,1,25
"July 2, 2017",2017-07-02,61,22,51,2,1,76
"July 3, 2017",2017-07-03,81,33,65,5,2,105
"July 4, 2017",2017-07-04,18,4,16,2,1,23
"July 5, 2017",2017-07-05,61,27,51,2,5,85
"July 6, 2017",2017-07-06,58,23,42,2,1,68
"July 7, 2017",2017-07-07,37,10,32,2,2,46
"July 8, 2017",2017-07-08,38,15,38,1,0,54
"July 9, 2017",2017-07-09,49,12,48,3,1,64
"July 10, 2017",2017-07-10,53,13,44,6,0,63
"July 11, 2017",2017-07-11,61,14,51,5,2,72
"July 12, 2017",2017-07-12,23,9,15,2,1,27
"July 13, 2017",2017-07-13,43,7,42,1,4,54
"July 14, 2017",2017-07-14,21,11,12,1,0,24
"July 15, 2017",2017-07-15,103,33,82,5,3,123
"July 16, 2017",2017-07-16,68,28,43,2,2,75
"July 17, 2017",2017-07-17,39,9,30,3,1,43
"July 18, 2017",2017-07-18,96,38,76,5,5,124
"July 19, 2017",2017-07-19,57,17,58,2,3,80
"July 20, 2017",2017-07-20,60,20,46,6,2,74
"July 21, 2017",2017-07-21,62,20,46,4,4,74
"July 22, 2017",2017-07-22,38,19,29,2,0,50
"July 23, 2017",2017-07-23,20,6,19,0,2,27
"July 24, 2017",2017-07-24,21,6,12,1,4,23
"July 25, 2017",2017-07-25,18,8,14,1,0,23
"July 26, 2017",2017-07-26,20,9,22,2,0,33
"July 27, 2017",2017-07-27,19,5,18,1,0,24
"July 28, 2017",2017-07-28,62,25,57,6,1,89
"July 29, 2017",2017-07-29,21,8,18,0,1,27
"July 30, 2017",2017-07-30,19,8,14,0,1,23
"July 31, 2017",2017-07-31,23,11,12,1,1,25
"August 1, 2017",2017-08-01,42,9,39,4,6,58
"August 2, 2017",2017-08-02,17,6,14,3,2,25
"August 3, 2017",2017-08-03,57,23,51,4,0,78
"August 4, 2017",2017-08-04,52,30,30,6,1,67
"August 5, 2017",2017-08-05,24,9,15,1,1,26
"August 6, 2017",2017-08-06,20,7,21,0,0,28
"August 7, 2017",2017-08-07,63,20,47,6,2,75
"August 8, 2017",2017-08-08,35,9,26,2,1,38
"August 9, 2017",2017-08-09,43,12,35,3,1,51
"August 10, 2017",2017-08-10,17,7,11,0,1,19
"August 11, 2017",2017-08-11,58,17,49,2,3,71
"August 12, 2017",2017-08-12,57,20,41,4,5,70
"August 13, 2017",2017-08-13,67,23,58,7,4,92
"August 14, 2017",2017-08-14,22,9,13,1,1,24
"August 15, 2017",2017-08-15,40,16,24,3,1,44
"August 16, 2017",2017-08-16,14,5,13,0,1,19
"August 17, 2017",2017-08-17,34,16,19,0,2,37
"August 18, 2017",2017-08-18,44,18,28,3,1,50
"August 19, 2017",2017-08-19,24,8,28,1,0,37
"August 20, 2017",2017-08-20,20,8,22,0,0,30
"August 21, 2017",2017-08-21,43,13,40,3,2,58
"August 22, 2017",2017-08-22,56,19,43,4,1,67
"August 23, 2017",2017-08-23,17,2,16,1,0,19
"August 24, 2017",2017-08-24,41,10,29,3,1,43
"August 25, 2017",2017-08-25,55,18,37,7,6,68
"August 26, 2017",2017-08-26,43,13,42,1,1,57
"August 27, 2017",2017-08-27,42,15,36,1,1,53
"August 28, 2017",2017-08-28,19,7,11,1,0,19
"August 29, 2017",2017-08-29,33,14,18,3,3,38
"August 30, 2017",2017-08-30,35,15,26,1,1,43
"August 31, 2017",2017-08-31,58,22,40,3,4,69
"September 1, 2017",2017-09-01,21,6,15,1,2,24
"September 2, 2017",2017-09-02,65,23,54,2,2,81
"September 3, 2017",2017-09-03,63,17,54,2,4,77
"September 4, 2017",2017-09-04,20,10,17,3,1,31
"September 5, 2017",2017-09-05,80,33,59,4,3,99
"September 6, 2017",2017-09-06,59,20,45,5,6,76
"September 7, 2017",2017-09-07,33,11,30,0,3,44
"September 8, 2017",2017-09-08,77,25,47,7,8,87
"September 9, 2017",2017-09-09,39,10,35,0,2,47
"September 10, 2017",2017-09-10,83,45,68,10,2,125
"September 11, 2017",2017-09-11,21,7,20,0,1,28
"September 12, 2017",2017-09-12,55,15,44,5,1,65
"September 13, 2017",2017-09-13,67,24,59,8,3,94
"September 14, 2017",2017-09-14,21,10,13,4,0,27
"September 15, 2017",2017-09-15,55,16,40,6,4,66
"September 16, 2017",2017-09-16,61,18,65,2,5,90
"September 17, 2017",2017-09-17,62,23,60,2,1,86
"September 18, 2017",2017-09-18,69,25,54,2,4,85
"September 19, 2017",2017-09-19,54,27,31,1,3,62
"September 20, 2017",2017-09-20,86,30,65,6,5,106
"September 21, 2017",2017-09-21,63,20,49,5,6,80
"September 22, 2017",2017-09-22,97,24,79,8,9,120
"September 23, 2017",2017-09-23,60,27,42,2,3,74
"September 24, 2017",2017-09-24,61,17,69,0,2,88
"September 25, 2017",2017-09-25,36,12,24,4,1,41
"September 26, 2017",2017-09-26,19,7,19,2,1,29
"September 27, 2017",2017-09-27,97,28,76,7,4,115
"September 28, 2017",2017-09-28,37,10,31,4,2,47
"September 29, 2017",2017-09-29,81,28,72,2,4,106
"September 30, 2017",2017-09-30,40,10,33,2,2,47
"October 1, 2017",2017-10-01,87,31,64,6,7,108
"October 2, 2017",2017-10-02,30,12,23,1,0,36
"October 3, 2017",2017-10-03,36,14,27,3,1,45
"October 4, 2017",2017-10-04,17,3,16,2,0,21
"October 5, 2017",2017-10-05,39,10,28,5,1,44
"October 6, 2017",2017-10-06,61,16,55,6,1,78
"October 7, 2017",2017-10-07,20,8,12,0,0,20
"October 8, 2017",2017-10-08,18,5,14,1,0,20
"October 9, 2017",2017-10-09,39,6,36,1,4,47
"October 10, 2017",2017-10-10,39,18,30,2,4,54
"October 11, 2017",2017-10-11,38,16,19,1,2,38
"October 12, 2017",2017-10-12,55,18,42,5,3,68
"October 13, 2017",2017-10-13,57,17,45,1,3,66
"October 14, 2017",2017-10-14,82,30,57,2,5,94
"October 15, 2017",2017-10-15,42,15,32,1,1,49
"October 16, 2017",2017-10-16,62,22,38,4,8,72
"October 17, 2017",2017-10-17,55,17,42,2,6,67
"October 18, 2017",2017-10-18,17,7,15,2,1,25
"October 19, 2017",2017-10-19,16,5,15,1,1,22
"October 20, 2017",2017-10-20,63,21,41,7,3,72
"October 21, 2017",2017-10-21,64,21,54,4,4,83
"October 22, 2017",2017-10-22,17,3,14,3,0,20
"October 23, 2017",2017-10-23,37,20,22,5,1,48
"October 24, 2017",2017-10-24,21,9,16,0,0,25
"October 25, 2017",2017-10-25,39,16,27,4,2,49
"October 26, 2017",2017-10-26,46,17,36,2,5,60
"October 27, 2017",2017-10-27,54,20,40,2,3,65
"October 28, 2017",2017-10-28,20,5,15,1,0,21
"October 29, 2017",2017-10-29,58,24,37,4,2,67
"October 30, 2017",2017-10-30,22,10,14,1,2,27
"October 31, 2017",2017-10-31,33,5,24,2,4,35
"November 1, 2017",2017-11-01,34,12,22,1,1,36
"November 2, 2017",2017-11-02,18,6,11,4,3,24
"November 3, 2017",2017-11-03,37,10,26,2,5,43
"November 4, 2017",2017-11-04,39,11,35,2,3,51
"November 5, 2017",2017-11-05,42,16,31,3,2,52
"November 6, 2017",2017-11-06,62,22,37,7,4,70
"November 7, 2017",2017-11-07,40,17,28,1,3,49
"November 8, 2017",2017-11-08,34,13,19,3,4,39
"November 9, 2017",2017-11-09,77,33,57,13,4,107
"November 10, 2017",2017-11-10,83,31,58,10,6,105
"November 11, 2017",2017-11-11,80,34,51,6,5,96
"November 12, 2017",2017-11-12,40,14,36,4,3,57
"November 13, 2017",2017-11-13,58,30,40,1,1,72
"November 14, 2017",2017-11-14,53,20,56,4,2,82
"November 15, 2017",2017-11-15,69,22,49,7,4,82
"November 16, 2017",2017-11-16,93,32,74,5,8,119
"November 17, 2017",2017-11-17,36,12,28,1,1,42
"November 18, 2017",2017-11-18,42,22,21,3,0,46
"November 19, 2017",2017-11-19,63,22,49,3,6,80
"November 20, 2017",2017-11-20,59,27,38,2,2,69
"November 21, 2017",2017-11-21,82,31,56,1,6,94
"November 22, 2017",2017-11-22,19,6,14,1,0,21
"November 23, 2017",2017-11-23,44,18,25,2,5,50
"November 24, 2017",2017-11-24,20,2,23,1,0,26
"November 25, 2017",2017-11-25,65,23,51,5,4,83
"November 26, 2017",2017-11-26,37,12,27,3,1,43
"November 27, 2017",2017-11-27,90,35,61,9,6,111
"November 28, 2017",2017-11-28,20,7,12,0,1,20
"November 29, 2017",2017-11-29,37,16,25,1,1,43
"November 30, 2017",2017-11-30,48,18,32,5,3,58
"December 1, 2017",2017-12-01,56,21,32,5,3,61
"December 2, 2017",2017-12-02,103,39,77,4,4,124
"December 3, 2017",2017-12-03,81,31,65,2,5,103
"December 4, 2017",2017-12-04,55,28,29,3,5,65
"December 5, 2017",2017-12-05,59,21,38,2,4,65
"December 6, 2017",2017-12-06,35,10,26,1,4,41
"December 7, 2017",2017-12-07,52,25,30,7,3,65
"December 8, 2017",2017-12-08,53,22,37,2,2,63
"December 9, 2017",2017-12-09,92,37,73,7,9,126
"December 10, 2017",2017-12-10,59,23,48,5,0,76
"December 11, 2017",2017-12-11,59,19,38,4,3,64
"December 12, 2017",2017-12-12,82,37,50,8,6,101
"December 13, 2017",2017-12-13,92,33,67,9,6,115
"December 14, 2017",2017-12-14,69,25,45,3,8,81
"December 15, 2017",2017-12-15,57,24,35,7,1,67
"December 16, 2017",2017-12-16,14,3,12,0,2,17
"December 17, 2017",2017-12-17,59,18,44,6,4,72
"December 18, 2017",2017-12-18,56,16,35,7,8,66
"December 19, 2017",2017-12-19,43,10,34,5,1,50
"December 20, 2017",2017-12-20,72,25,48,6,9,88
"December 21, 2017",2017-12-21,52,23,38,4,3,68
"December 22, 2017",2017-12-22,57,23,41,6,3,73
"December 23, 2017",2017-12-23,62,29,39,6,3,77
"December 24, 2017",2017-12-24,82,31,61,8,6,106
"December 25, 2017",2017-12-25,73,37,45,7,3,92
"December 26, 2017",2017-12-26,57,26,34,9,8,77
"December 27, 2017",2017-12-27,38,15,23,3,4,45
"December 28, 2017",2017-12-28,61,32,32,8,6,78
"December 29, 2017",2017-12-29,37,14,25,5,2,46
"December 30, 2017",2017-12-30,63,24,39,3,9,75
"December 31, 2017",2017-12-31,20,9,11,0,2,22
"January 1, 2018",2018-01-01,152,71,108,7,6,192
"January 2, 2018",2018-01-02,67,16,49,8,5,78
"January 3, 2018",2018-01-03,81,34,49,9,9,101
"January 4, 2018",2018-01-04,78,27,53,8,10,98
"January 5, 2018",2018-01-05,84,35,56,7,5,103
"January 6, 2018",2018-01-06,105,55,61,11,2,129
"January 7, 2018",2018-01-07,105,40,87,13,3,143
"January 8, 2018",2018-01-08,85,33,60,11,4,108
"January 9, 2018",2018-01-09,88,32,63,6,6,107
"January 10, 2018",2018-01-10,68,25,44,7,4,80
"January 11, 2018",2018-01-11,131,53,92,13,8,166
"January 12, 2018",2018-01-12,113,41,74,9,14,138
"January 13, 2018",2018-01-13,98,34,74,7,6,121
"January 14, 2018",2018-01-14,100,31,84,5,3,123
"January 15, 2018",2018-01-15,94,32,72,6,7,117
"January 16, 2018",2018-01-16,75,27,49,7,3,86
"January 17, 2018",2018-01-17,80,31,52,12,8,103
"January 18, 2018",2018-01-18,77,29,59,3,4,95
"January 19, 2018",2018-01-19,60,27,40,4,4,75
"January 20, 2018",2018-01-20,127,47,78,11,12,148
"January 21, 2018",2018-01-21,123,36,105,8,5,154
"January 22, 2018",2018-01-22,97,29,70,15,10,124
"January 23, 2018",2018-01-23,103,49,81,9,3,142
"January 24, 2018",2018-01-24,98,33,66,4,12,115
"January 25, 2018",2018-01-25,105,36,80,7,9,132
"January 26, 2018",2018-01-26,102,31,67,7,12,117
"January 27, 2018",2018-01-27,121,37,94,9,8,148
"January 28, 2018",2018-01-28,118,53,83,9,9,154
"January 29, 2018",2018-01-29,86,32,60,4,6,102
"January 30, 2018",2018-01-30,95,39,57,4,7,107
"January 31, 2018",2018-01-31,77,29,61,6,6,102
"February 1, 2018",2018-02-01,87,35,47,13,13,108
"February 2, 2018",2018-02-02,82,37,47,7,3,94
"February 3, 2018",2018-02-03,104,45,72,6,8,131
"February 4, 2018",2018-02-04,78,24,53,9,6,92
"February 5, 2018",2018-02-05,90,29,68,8,4,109
"February 6, 2018",2018-02-06,88,39,54,10,5,108
"February 7, 2018",2018-02-07,75,28,51,7,12,98
"February 8, 2018",2018-02-08,90,38,57,7,6,108
"February 9, 2018",2018-02-09,78,33,49,5,5,92
"February 10, 2018",2018-02-10,85,44,49,8,2,103
"February 11, 2018",2018-02-11,80,37,53,5,3,98
"February 12, 2018",2018-02-12,70,25,47,5,6,83
"February 13, 2018",2018-02-13,77,33,53,4,7,97
"February 14, 2018",2018-02-14,84,44,73,9,4,130
"February 15, 2018",2018-02-15,74,36,44,11,3,94
"February 16, 2018",2018-02-16,90,31,70,5,6,112
"February 17, 2018",2018-02-17,92,40,74,7,1,122
"February 18, 2018",2018-02-18,94,34,72,7,6,119
"February 19, 2018",2018-02-19,90,35,54,8,7,104
"February 20, 2018",2018-02-20,84,35,54,8,3,100
"February 21, 2018",2018-02-21,59,20,46,7,1,74
"February 22, 2018",2018-02-22,62,31,26,7,6,70
"February 23, 2018",2018-02-23,85,32,63,6,3,104
"February 24, 2018",2018-02-24,104,27,88,6,10,131
"February 25, 2018",2018-02-25,89,34,60,9,4,107
"February 26, 2018",2018-02-26,67,31,40,12,2,85
"February 27, 2018",2018-02-27,68,24,50,7,6,87
"February 28, 2018",2018-02-28,67,23,51,5,4,83
"March 1, 2018",2018-03-01,70,31,39,6,4,80
"March 2, 2018",2018-03-02,68,31,37,10,12,90
"March 3, 2018",2018-03-03,72,21,58,9,3,91
"March 4, 2018",2018-03-04,83,30,60,2,9,101
"March 5, 2018",2018-03-05,98,37,65,14,4,120
"March 6, 2018",2018-03-06,76,20,56,10,10,96
"March 7, 2018",2018-03-07,78,29,54,6,6,95
"March 8, 2018",2018-03-08,76,18,53,7,9,87
"March 9, 2018",2018-03-09,74,31,58,6,1,96
"March 10, 2018",2018-03-10,89,38,60,8,5,111
"March 11, 2018",2018-03-11,87,32,76,6,2,116
"March 12, 2018",2018-03-12,98,36,72,10,6,124
"March 13, 2018",2018-03-13,73,18,58,5,6,87
"March 14, 2018",2018-03-14,82,41,47,13,3,104
"March 15, 2018",2018-03-15,76,20,64,5,7,96
"March 16, 2018",2018-03-16,76,28,49,7,4,88
"March 17, 2018",2018-03-17,111,30,98,7,8,143
"March 18, 2018",2018-03-18,123,38,98,8,2,146
"March 19, 2018",2018-03-19,84,24,55,10,7,96
"March 20, 2018",2018-03-20,86,28,59,9,5,101
"March 21, 2018",2018-03-21,85,28,61,10,6,105
"March 22, 2018",2018-03-22,89,21,64,8,9,102
"March 23, 2018",2018-03-23,75,21,49,10,6,86
"March 24, 2018",2018-03-24,117,46,89,7,7,149
"March 25, 2018",2018-03-25,103,42,72,5,10,129
"March 26, 2018",2018-03-26,92,25,79,7,4,115
"March 27, 2018",2018-03-27,71,11,55,8,7,81
"March 28, 2018",2018-03-28,99,37,61,13,6,117
"March 29, 2018",2018-03-29,84,28,66,5,9,108
"March 30, 2018",2018-03-30,80,37,50,5,3,95
"March 31, 2018",2018-03-31,107,52,71,7,6,136
"April 1, 2018",2018-04-01,134,51,109,14,6,180
"April 2, 2018",2018-04-02,95,37,67,1,5,110
"April 3, 2018",2018-04-03,89,29,66,6,7,108
"April 4, 2018",2018-04-04,84,24,54,12,10,100
"April 5, 2018",2018-04-05,85,30,58,10,5,103
"April 6, 2018",2018-04-06,90,40,57,6,5,108
"April 7, 2018",2018-04-07,118,45,89,7,4,145
"April 8, 2018",2018-04-08,113,39,86,9,4,138
"April 9, 2018",2018-04-09,88,28,64,8,6,106
"April 10, 2018",2018-04-10,76,20,54,6,9,89
"April 11, 2018",2018-04-11,88,31,65,11,6,113
"April 12, 2018",2018-04-12,88,27,71,8,1,107
"April 13, 2018",2018-04-13,98,30,75,4,6,115
"April 14, 2018",2018-04-14,92,42,63,7,10,122
"April 15, 2018",2018-04-15,102,44,81,3,6,134
"April 16, 2018",2018-04-16,74,37,41,3,6,87
"April 17, 2018",2018-04-17,80,34,52,5,5,96
"April 18, 2018",2018-04-18,81,28,58,9,5,100
"April 19, 2018",2018-04-19,67,23,53,4,4,84
"April 20, 2018",2018-04-20,78,30,53,5,3,91
"April 21, 2018",2018-04-21,87,46,67,5,3,121
"April 22, 2018",2018-04-22,127,49,105,10,5,169
"April 23, 2018",2018-04-23,80,19,58,2,4,83
"April 24, 2018",2018-04-24,101,31,87,6,4,128
"April 25, 2018",2018-04-25,77,36,49,6,4,95
"April 26, 2018",2018-04-26,99,29,76,6,7,118
"April 27, 2018",2018-04-27,90,27,68,6,4,105
"April 28, 2018",2018-04-28,105,38,84,4,3,129
"April 29, 2018",2018-04-29,115,31,101,9,5,146
"April 30, 2018",2018-04-30,99,31,84,6,5,126
"May 1, 2018",2018-05-01,101,31,81,4,11,127
"May 2, 2018",2018-05-02,93,32,73,10,6,121
"May 3, 2018",2018-05-03,98,34,79,9,5,127
"May 4, 2018",2018-05-04,102,31,89,6,7,133
"May 5, 2018",2018-05-05,124,40,104,9,4,157
"May 6, 2018",2018-05-06,132,48,112,11,2,173
"May 7, 2018",2018-05-07,93,32,69,13,10,124
"May 8, 2018",2018-05-08,101,36,76,9,6,127
"May 9, 2018",2018-05-09,100,44,73,3,3,123
"May 10, 2018",2018-05-10,88,37,58,4,9,108
"May 11, 2018",2018-05-11,101,35,75,6,4,120
"May 12, 2018",2018-05-12,111,30,103,6,10,149
"May 13, 2018",2018-05-13,112,42,92,9,4,147
"May 14, 2018",2018-05-14,87,32,57,7,6,102
"May 15, 2018",2018-05-15,92,29,75,5,5,114
"May 16, 2018",2018-05-16,93,31,73,8,7,119
"May 17, 2018",2018-05-17,83,20,71,4,3,98
"May 18, 2018",2018-05-18,81,42,66,3,10,121
"May 19, 2018",2018-05-19,121,38,94,6,9,147
"May 20, 2018",2018-05-20,112,36,90,4,3,133
"May 21, 2018",2018-05-21,88,32,56,3,7,98
"May 22, 2018",2018-05-22,92,32,72,2,5,111
"May 23, 2018",2018-05-23,81,18,66,6,7,97
"May 24, 2018",2018-05-24,98,34,66,6,12,118
"May 25, 2018",2018-05-25,98,27,89,7,2,125
"May 26, 2018",2018-05-26,116,44,77,6,9,136
"May 27, 2018",2018-05-27,114,25,106,5,10,146
"May 28, 2018",2018-05-28,123,43,95,7,4,149
"May 29, 2018",2018-05-29,108,31,86,7,8,132
"May 30, 2018",2018-05-30,85,26,67,3,9,105
"May 31, 2018",2018-05-31,89,32,61,6,8,107
"June 1, 2018",2018-06-01,102,32,75,9,7,123
"June 2, 2018",2018-06-02,113,43,97,5,5,150
"June 3, 2018",2018-06-03,116,46,90,6,4,146
"June 4, 2018",2018-06-04,91,32,68,5,8,113
"June 5, 2018",2018-06-05,93,39,62,7,6,114
"June 6, 2018",2018-06-06,88,27,60,9,4,100
"June 7, 2018",2018-06-07,111,39,81,8,6,134
"June 8, 2018",2018-06-08,101,34,76,6,5,121
"June 9, 2018",2018-06-09,127,46,104,5,6,161
"June 10, 2018",2018-06-10,120,51,122,6,4,183
"June 11, 2018",2018-06-11,94,36,63,10,7,116
"June 12, 2018",2018-06-12,90,33,66,10,4,113
"June 13, 2018",2018-06-13,97,33,75,7,4,119
"June 14, 2018",2018-06-14,88,26,78,9,5,118
"June 15, 2018",2018-06-15,98,39,72,2,12,125
"June 16, 2018",2018-06-16,109,44,79,7,11,141
"June 17, 2018",2018-06-17,128,30,140,3,11,184
"June 18, 2018",2018-06-18,112,45,91,4,7,147
"June 19, 2018",2018-06-19,86,35,55,13,4,107
"June 20, 2018",2018-06-20,88,33,61,10,3,107
"June 21, 2018",2018-06-21,78,31,67,6,4,108
"June 22, 2018",2018-06-22,95,25,76,6,8,115
"June 23, 2018",2018-06-23,131,40,118,8,5,171
"June 24, 2018",2018-06-24,147,51,158,8,2,219
"June 25, 2018",2018-06-25,126,51,92,15,6,164
"June 26, 2018",2018-06-26,83,34,56,4,4,98
"June 27, 2018",2018-06-27,96,33,80,4,2,119
"June 28, 2018",2018-06-28,96,43,58,7,8,116
"June 29, 2018",2018-06-29,79,25,46,12,6,89
"June 30, 2018",2018-06-30,117,53,110,3,3,169
"July 1, 2018",2018-07-01,124,49,95,6,8,158
"July 2, 2018",2018-07-02,89,31,71,2,7,111
"July 3, 2018",2018-07-03,92,33,73,5,8,119
"July 4, 2018",2018-07-04,164,47,145,6,13,211
"July 5, 2018",2018-07-05,135,56,121,11,4,192
"July 6, 2018",2018-07-06,82,24,63,7,5,99
"July 7, 2018",2018-07-07,124,41,95,8,9,153
"July 8, 2018",2018-07-08,124,43,99,7,8,157
"July 9, 2018",2018-07-09,96,42,63,4,5,114
"July 10, 2018",2018-07-10,95,36,67,6,7,116
"July 11, 2018",2018-07-11,112,30,100,11,3,144
"July 12, 2018",2018-07-12,87,28,79,3,6,116
"July 13, 2018",2018-07-13,90,31,65,10,3,109
"July 14, 2018",2018-07-14,108,39,87,4,5,135
"July 15, 2018",2018-07-15,132,47,112,4,11,174
"July 16, 2018",2018-07-16,83,28,78,5,6,117
"July 17, 2018",2018-07-17,84,27,62,7,2,98
"July 18, 2018",2018-07-18,98,31,75,3,6,115
"July 19, 2018",2018-07-19,94,30,71,8,3,112
"July 20, 2018",2018-07-20,103,33,78,9,6,126
"July 21, 2018",2018-07-21,114,41,101,5,12,159
"July 22, 2018",2018-07-22,107,38,92,6,5,141
"July 23, 2018",2018-07-23,100,31,75,6,6,118
"July 24, 2018",2018-07-24,87,33,61,11,8,113
"July 25, 2018",2018-07-25,105,36,83,10,4,133
"July 26, 2018",2018-07-26,112,37,90,8,4,139
"July 27, 2018",2018-07-27,103,43,68,7,8,126
"July 28, 2018",2018-07-28,120,54,87,8,7,156
"July 29, 2018",2018-07-29,129,48,114,4,5,171
"July 30, 2018",2018-07-30,89,34,82,6,4,126
"July 31, 2018",2018-07-31,102,35,72,5,4,116
"August 1, 2018",2018-08-01,83,33,60,3,4,100
"August 2, 2018",2018-08-02,81,29,53,7,5,94
"August 3, 2018",2018-08-03,107,31,91,11,5,138
"August 4, 2018",2018-08-04,122,37,111,11,10,169
"August 5, 2018",2018-08-05,134,48,134,7,7,196
"August 6, 2018",2018-08-06,108,35,83,7,2,127
"August 7, 2018",2018-08-07,86,28,63,9,7,107
"August 8, 2018",2018-08-08,103,37,75,13,4,129
"August 9, 2018",2018-08-09,90,39,68,8,0,115
"August 10, 2018",2018-08-10,104,23,95,7,5,130
"August 11, 2018",2018-08-11,127,44,106,4,5,159
"August 12, 2018",2018-08-12,121,47,99,9,2,157
"August 13, 2018",2018-08-13,88,28,63,9,6,106
"August 14, 2018",2018-08-14,94,33,74,4,8,119
"August 15, 2018",2018-08-15,86,33,64,4,9,110
"August 16, 2018",2018-08-16,88,37,51,10,4,102
"August 17, 2018",2018-08-17,119,48,91,8,3,150
"August 18, 2018",2018-08-18,135,40,114,11,5,170
"August 19, 2018",2018-08-19,119,39,93,7,9,148
"August 20, 2018",2018-08-20,96,24,83,4,3,114
"August 21, 2018",2018-08-21,72,27,51,0,9,87
"August 22, 2018",2018-08-22,91,27,78,5,6,116
"August 23, 2018",2018-08-23,85,25,70,6,4,105
"August 24, 2018",2018-08-24,112,31,95,8,9,143
"August 25, 2018",2018-08-25,120,38,102,9,5,154
"August 26, 2018",2018-08-26,123,41,103,4,8,156
"August 27, 2018",2018-08-27,106,35,75,15,6,131
"August 28, 2018",2018-08-28,102,28,81,8,8,125
"August 29, 2018",2018-08-29,85,27,60,4,6,97
"August 30, 2018",2018-08-30,83,23,65,6,5,99
"August 31, 2018",2018-08-31,90,33,75,7,6,121
"September 1, 2018",2018-09-01,116,47,90,2,3,142
"September 2, 2018",2018-09-02,112,38,116,6,10,170
"September 3, 2018",2018-09-03,115,39,81,8,9,137
"September 4, 2018",2018-09-04,94,34,63,7,7,111
"September 5, 2018",2018-09-05,88,38,55,11,4,108
"September 6, 2018",2018-09-06,86,29,63,5,6,103
"September 7, 2018",2018-09-07,90,33,62,7,3,105
"September 8, 2018",2018-09-08,108,42,76,2,6,126
"September 9, 2018",2018-09-09,95,41,70,8,5,124
"September 10, 2018",2018-09-10,85,39,62,5,5,111
"September 11, 2018",2018-09-11,80,26,61,8,8,103
"September 12, 2018",2018-09-12,87,29,57,8,11,105
"September 13, 2018",2018-09-13,76,28,55,7,9,99
"September 14, 2018",2018-09-14,98,36,75,5,4,120
"September 15, 2018",2018-09-15,96,29,83,7,5,124
"September 16, 2018",2018-09-16,119,44,92,9,5,150
"September 17, 2018",2018-09-17,75,37,45,8,2,92
"September 18, 2018",2018-09-18,111,42,86,8,2,138
"September 19, 2018",2018-09-19,98,35,80,9,6,130
"September 20, 2018",2018-09-20,88,30,76,11,3,120
"September 21, 2018",2018-09-21,85,31,67,6,3,107
"September 22, 2018",2018-09-22,117,38,93,6,5,142
"September 23, 2018",2018-09-23,119,52,97,10,5,164
"September 24, 2018",2018-09-24,91,34,65,8,3,110
"September 25, 2018",2018-09-25,103,44,63,7,5,119
"September 26, 2018",2018-09-26,83,31,52,3,9,95
"September 27, 2018",2018-09-27,80,35,46,8,8,97
"September 28, 2018",2018-09-28,89,30,68,4,4,106
"September 29, 2018",2018-09-29,114,45,83,5,4,137
"September 30, 2018",2018-09-30,124,60,92,8,6,166
"October 1, 2018",2018-10-01,85,30,66,8,3,107
"October 2, 2018",2018-10-02,82,32,59,5,3,99
"October 3, 2018",2018-10-03,90,33,69,6,4,112
"October 4, 2018",2018-10-04,85,21,82,4,7,114
"October 5, 2018",2018-10-05,112,38,92,7,8,145
"October 6, 2018",2018-10-06,113,45,89,6,6,146
"October 7, 2018",2018-10-07,118,50,75,6,5,136
"October 8, 2018",2018-10-08,84,27,62,8,3,100
"October 9, 2018",2018-10-09,108,33,83,5,6,127
"October 10, 2018",2018-10-10,73,23,56,7,1,87
"October 11, 2018",2018-10-11,86,25,53,7,8,93
"October 12, 2018",2018-10-12,80,22,59,7,6,94
"October 13, 2018",2018-10-13,86,30,75,3,3,111
"October 14, 2018",2018-10-14,93,37,76,7,1,121
"October 15, 2018",2018-10-15,75,33,55,5,2,95
"October 16, 2018",2018-10-16,81,27,67,3,5,102
"October 17, 2018",2018-10-17,90,33,58,8,6,105
"October 18, 2018",2018-10-18,89,24,62,10,8,104
"October 19, 2018",2018-10-19,91,35,59,5,5,104
"October 20, 2018",2018-10-20,102,41,72,7,7,127
"October 21, 2018",2018-10-21,107,45,92,4,1,142
"October 22, 2018",2018-10-22,72,27,56,5,2,90
"October 23, 2018",2018-10-23,99,42,68,7,4,121
"October 24, 2018",2018-10-24,71,24,53,4,3,84
"October 25, 2018",2018-10-25,67,26,46,4,1,77
"October 26, 2018",2018-10-26,89,34,65,5,4,108
"October 27, 2018",2018-10-27,101,43,94,6,4,147
"October 28, 2018",2018-10-28,117,36,105,0,2,143
"October 29, 2018",2018-10-29,73,22,62,7,5,96
"October 30, 2018",2018-10-30,86,33,63,4,8,108
"October 31, 2018",2018-10-31,106,35,81,8,6,130
"November 1, 2018",2018-11-01,94,34,76,8,4,122
"November 2, 2018",2018-11-02,85,36,60,7,5,108
"November 3, 2018",2018-11-03,100,42,71,9,7,129
"November 4, 2018",2018-11-04,98,37,67,7,4,115
"November 5, 2018",2018-11-05,92,31,63,9,2,105
"November 6, 2018",2018-11-06,69,28,46,8,3,85
"November 7, 2018",2018-11-07,83,39,62,6,6,113
"November 8, 2018",2018-11-08,77,34,42,9,5,90
"November 9, 2018",2018-11-09,77,24,55,7,1,87
"November 10, 2018",2018-11-10,108,44,80,7,5,136
"November 11, 2018",2018-11-11,122,44,99,9,6,158
"November 12, 2018",2018-11-12,81,30,55,10,7,102
"November 13, 2018",2018-11-13,62,32,36,6,3,77
"November 14, 2018",2018-11-14,72,30,41,10,8,89
"November 15, 2018",2018-11-15,65,26,37,6,7,76
"November 16, 2018",2018-11-16,88,39,57,9,4,109
"November 17, 2018",2018-11-17,114,34,102,4,3,143
"November 18, 2018",2018-11-18,103,43,68,2,11,124
"November 19, 2018",2018-11-19,90,45,52,7,12,116
"November 20, 2018",2018-11-20,73,27,49,6,4,86
"November 21, 2018",2018-11-21,98,40,66,7,7,120
"November 22, 2018",2018-11-22,88,27,72,7,5,111
"November 23, 2018",2018-11-23,81,32,61,2,5,100
"November 24, 2018",2018-11-24,99,28,75,7,6,116
"November 25, 2018",2018-11-25,105,43,75,4,9,131
"November 26, 2018",2018-11-26,83,21,68,4,6,99
"November 27, 2018",2018-11-27,81,22,65,9,6,102
"November 28, 2018",2018-11-28,71,22,42,7,8,79
"November 29, 2018",2018-11-29,84,28,61,6,5,100
"November 30, 2018",2018-11-30,84,31,50,11,7,99
"December 1, 2018",2018-12-01,102,26,87,7,3,123
"December 2, 2018",2018-12-02,95,28,73,9,6,116
"December 3, 2018",2018-12-03,94,35,63,4,8,110
"December 4, 2018",2018-12-04,71,18,55,6,4,83
"December 5, 2018",2018-12-05,89,29,64,10,7,110
"December 6, 2018",2018-12-06,82,29,54,8,10,101
"December 7, 2018",2018-12-07,70,27,48,4,4,83
"December 8, 2018",2018-12-08,78,21,74,2,2,99
"December 9, 2018",2018-12-09,115,54,81,7,8,150
"December 10, 2018",2018-12-10,87,39,55,7,5,106
"December 11, 2018",2018-12-11,81,32,48,13,4,97
"December 12, 2018",2018-12-12,79,22,58,5,8,93
"December 13, 2018",2018-12-13,65,18,42,12,3,75
"December 14, 2018",2018-12-14,97,48,52,5,7,112
"December 15, 2018",2018-12-15,109,39,81,6,6,132
"December 16, 2018",2018-12-16,114,56,73,14,2,145
"December 17, 2018",2018-12-17,73,28,58,4,2,92
"December 18, 2018",2018-12-18,84,29,60,13,5,107
"December 19, 2018",2018-12-19,87,36,62,11,1,110
"December 20, 2018",2018-12-20,78,33,40,10,5,88
"December 21, 2018",2018-12-21,89,36,56,5,5,102
"December 22, 2018",2018-12-22,97,38,75,5,5,123
"December 23, 2018",2018-12-23,126,46,102,6,7,161
"December 24, 2018",2018-12-24,108,33,84,7,4,128
"December 25, 2018",2018-12-25,101,32,79,4,8,123
"December 26, 2018",2018-12-26,96,35,78,8,1,122
"December 27, 2018",2018-12-27,91,28,73,6,6,113
"December 28, 2018",2018-12-28,95,35,75,6,6,122
"December 29, 2018",2018-12-29,104,42,83,9,5,139
"December 30, 2018",2018-12-30,113,35,99,6,4,144
"December 31, 2018",2018-12-31,107,42,70,11,5,128
"January 1, 2019",2019-01-01,186,62,154,10,6,232
"January 2, 2019",2019-01-02,81,25,67,7,6,105
"January 3, 2019",2019-01-03,110,33,89,10,12,144
"January 4, 2019",2019-01-04,82,32,69,8,4,113
"January 5, 2019",2019-01-05,108,40,74,9,8,131
"January 6, 2019",2019-01-06,90,41,57,7,1,106
"January 7, 2019",2019-01-07,94,41,46,13,7,107
"January 8, 2019",2019-01-08,75,33,40,6,8,87
"January 9, 2019",2019-01-09,81,36,52,4,7,99
"January 10, 2019",2019-01-10,92,27,64,10,6,107
"January 11, 2019",2019-01-11,77,23,54,8,8,93
"January 12, 2019",2019-01-12,92,33,60,11,4,108
"January 13, 2019",2019-01-13,103,39,75,6,8,128
"January 14, 2019",2019-01-14,71,21,49,9,9,88
"January 15, 2019",2019-01-15,81,42,50,8,4,104
"January 16, 2019",2019-01-16,90,40,54,14,6,114
"January 17, 2019",2019-01-17,80,30,57,9,8,104
"January 18, 2019",2019-01-18,78,20,61,6,4,91
"January 19, 2019",2019-01-19,115,51,81,13,5,150
"January 20, 2019",2019-01-20,92,36,68,7,4,115
"January 21, 2019",2019-01-21,75,22,54,6,4,86
"January 22, 2019",2019-01-22,85,30,65,3,4,102
"January 23, 2019",2019-01-23,90,24,69,8,5,106
"January 24, 2019",2019-01-24,90,42,53,11,3,109
"January 25, 2019",2019-01-25,84,30,59,5,4,98
"January 26, 2019",2019-01-26,104,55,81,1,7,144
"January 27, 2019",2019-01-27,97,37,77,6,4,124
"January 28, 2019",2019-01-28,82,30,56,9,5,100
"January 29, 2019",2019-01-29,59,26,33,7,4,70
"January 30, 2019",2019-01-30,61,21,38,6,5,70
"January 31, 2019",2019-01-31,60,17,42,2,5,66
"February 1, 2019",2019-02-01,64,21,45,3,8,77
"February 2, 2019",2019-02-02,86,28,64,5,4,101
"February 3, 2019",2019-02-03,120,49,88,6,6,149
"February 4, 2019",2019-02-04,88,35,71,4,2,112
"February 5, 2019",2019-02-05,96,34,66,4,7,111
"February 6, 2019",2019-02-06,105,33,82,5,2,122
"February 7, 2019",2019-02-07,81,29,47,13,7,96
"February 8, 2019",2019-02-08,82,32,53,6,4,95
"February 9, 2019",2019-02-09,81,31,57,7,5,100
"February 10, 2019",2019-02-10,99,39,65,5,8,117
"February 11, 2019",2019-02-11,90,38,61,6,9,114
"February 12, 2019",2019-02-12,68,21,52,7,7,87
"February 13, 2019",2019-02-13,52,19,35,7,3,64
"February 14, 2019",2019-02-14,71,31,48,11,4,94
"February 15, 2019",2019-02-15,65,30,49,6,2,87
"February 16, 2019",2019-02-16,98,45,69,6,1,121
"February 17, 2019",2019-02-17,102,46,77,8,11,142
"February 18, 2019",2019-02-18,85,44,49,9,5,107
"February 19, 2019",2019-02-19,95,31,69,6,7,113
"February 20, 2019",2019-02-20,65,24,47,4,6,81
"February 21, 2019",2019-02-21,81,34,65,3,8,110
"February 22, 2019",2019-02-22,80,28,70,5,2,105
"February 23, 2019",2019-02-23,106,32,77,8,3,120
"February 24, 2019",2019-02-24,101,49,63,8,4,124
"February 25, 2019",2019-02-25,77,29,54,2,2,87
"February 26, 2019",2019-02-26,79,30,45,10,5,90
"February 27, 2019",2019-02-27,69,38,31,8,3,80
"February 28, 2019",2019-02-28,60,19,44,5,3,71
"March 1, 2019",2019-03-01,83,31,54,7,10,102
"March 2, 2019",2019-03-02,88,31,65,10,0,106
"March 3, 2019",2019-03-03,73,22,61,3,3,89
"March 4, 2019",2019-03-04,76,34,47,9,5,95
"March 5, 2019",2019-03-05,69,19,52,9,5,85
"March 6, 2019",2019-03-06,68,25,49,3,5,82
"March 7, 2019",2019-03-07,77,25,50,6,6,87
"March 8, 2019",2019-03-08,57,27,35,1,4,67
"March 9, 2019",2019-03-09,101,36,74,10,3,123
"March 10, 2019",2019-03-10,115,41,95,10,5,151
"March 11, 2019",2019-03-11,80,32,53,4,9,98
"March 12, 2019",2019-03-12,89,31,72,9,2,114
"March 13, 2019",2019-03-13,67,23,40,9,7,79
"March 14, 2019",2019-03-14,99,37,73,10,6,126
"March 15, 2019",2019-03-15,99,36,65,7,8,116
"March 16, 2019",2019-03-16,111,37,92,8,6,143
"March 17, 2019",2019-03-17,125,41,116,7,2,166
"March 18, 2019",2019-03-18,85,29,54,9,4,96
"March 19, 2019",2019-03-19,76,24,56,10,7,97
"March 20, 2019",2019-03-20,75,27,47,9,6,89
"March 21, 2019",2019-03-21,79,29,53,7,5,94
"March 22, 2019",2019-03-22,85,21,70,2,11,104
"March 23, 2019",2019-03-23,110,42,85,6,5,138
"March 24, 2019",2019-03-24,119,39,101,5,3,148
"March 25, 2019",2019-03-25,102,29,86,7,5,127
"March 26, 2019",2019-03-26,71,22,56,4,6,88
"March 27, 2019",2019-03-27,99,29,81,12,4,126
"March 28, 2019",2019-03-28,95,34,60,9,9,112
"March 29, 2019",2019-03-29,100,26,84,3,3,116
"March 30, 2019",2019-03-30,109,48,78,8,4,138
"March 31, 2019",2019-03-31,108,43,94,8,9,154
"April 1, 2019",2019-04-01,95,37,71,8,3,119
"April 2, 2019",2019-04-02,78,28,63,6,4,101
"April 3, 2019",2019-04-03,85,27,59,7,5,98
"April 4, 2019",2019-04-04,73,24,62,4,4,94
"April 5, 2019",2019-04-05,61,21,44,3,5,73
"April 6, 2019",2019-04-06,111,46,94,5,4,149
"April 7, 2019",2019-04-07,139,51,122,4,9,186
"April 8, 2019",2019-04-08,101,36,72,2,6,116
"April 9, 2019",2019-04-09,85,33,63,9,3,108
"April 10, 2019",2019-04-10,101,39,66,11,4,120
"April 11, 2019",2019-04-11,103,39,83,11,9,142
"April 12, 2019",2019-04-12,80,25,69,4,3,101
"April 13, 2019",2019-04-13,107,48,87,3,5,143
"April 14, 2019",2019-04-14,113,37,96,8,4,145
"April 15, 2019",2019-04-15,89,35,59,9,3,106
"April 16, 2019",2019-04-16,97,31,78,8,7,124
"April 17, 2019",2019-04-17,89,30,73,7,5,115
"April 18, 2019",2019-04-18,87,15,90,5,2,112
"April 19, 2019",2019-04-19,87,21,84,2,2,109
"April 20, 2019",2019-04-20,113,32,98,12,6,148
"April 21, 2019",2019-04-21,120,45,93,4,5,147
"April 22, 2019",2019-04-22,106,32,82,10,7,131
"April 23, 2019",2019-04-23,85,18,67,4,9,98
"April 24, 2019",2019-04-24,87,31,57,4,8,100
"April 25, 2019",2019-04-25,77,22,58,5,5,90
"April 26, 2019",2019-04-26,93,39,66,5,6,116
"April 27, 2019",2019-04-27,94,26,92,5,11,134
"April 28, 2019",2019-04-28,109,47,89,7,8,151
"April 29, 2019",2019-04-29,91,26,70,9,6,111
"April 30, 2019",2019-04-30,76,24,56,7,5,92
"May 1, 2019",2019-05-01,94,28,76,11,4,119
"May 2, 2019",2019-05-02,81,25,60,8,2,95
"May 3, 2019",2019-05-03,89,33,69,3,4,109
"May 4, 2019",2019-05-04,131,47,116,12,2,177
"May 5, 2019",2019-05-05,105,37,84,5,7,133
"May 6, 2019",2019-05-06,82,30,65,5,3,103
"May 7, 2019",2019-05-07,90,25,76,6,5,112
"May 8, 2019",2019-05-08,76,25,63,3,2,93
"May 9, 2019",2019-05-09,98,25,87,6,5,123
"May 10, 2019",2019-05-10,97,22,100,3,9,134
"May 11, 2019",2019-05-11,111,40,84,9,6,139
"May 12, 2019",2019-05-12,102,37,79,5,7,128
"May 13, 2019",2019-05-13,78,33,67,10,0,110
"May 14, 2019",2019-05-14,79,33,55,4,3,95
"May 15, 2019",2019-05-15,77,17,74,4,3,98
"May 16, 2019",2019-05-16,94,26,85,4,2,117
"May 17, 2019",2019-05-17,95,31,78,7,1,117
"May 18, 2019",2019-05-18,115,39,113,12,6,170
"May 19, 2019",2019-05-19,123,45,105,9,3,162
"May 20, 2019",2019-05-20,97,34,79,11,8,132
"May 21, 2019",2019-05-21,105,37,71,11,5,124
"May 22, 2019",2019-05-22,105,48,62,8,8,126
"May 23, 2019",2019-05-23,96,37,67,8,6,118
"May 24, 2019",2019-05-24,117,42,89,5,5,141
"May 25, 2019",2019-05-25,128,54,119,6,10,189
"May 26, 2019",2019-05-26,140,55,122,8,4,189
"May 27, 2019",2019-05-27,110,37,102,6,2,147
"May 28, 2019",2019-05-28,102,39,76,8,4,127
"May 29, 2019",2019-05-29,115,39,86,4,12,141
"May 30, 2019",2019-05-30,109,40,85,7,8,140
"May 31, 2019",2019-05-31,102,46,83,10,4,143
"June 1, 2019",2019-06-01,139,48,133,7,5,193
"June 2, 2019",2019-06-02,122,43,98,5,7,153
"June 3, 2019",2019-06-03,100,30,74,12,6,122
"June 4, 2019",2019-06-04,115,38,88,7,4,137
"June 5, 2019",2019-06-05,98,35,70,7,6,118
"June 6, 2019",2019-06-06,80,24,64,9,5,102
"June 7, 2019",2019-06-07,82,33,67,6,4,110
"June 8, 2019",2019-06-08,129,42,117,11,3,173
"June 9, 2019",2019-06-09,116,44,103,5,6,158
"June 10, 2019",2019-06-10,81,27,62,6,3,98
"June 11, 2019",2019-06-11,93,34,75,9,4,122
"June 12, 2019",2019-06-12,89,30,75,2,2,109
"June 13, 2019",2019-06-13,84,27,56,5,8,96
"June 14, 2019",2019-06-14,91,36,76,2,10,124
"June 15, 2019",2019-06-15,129,46,99,14,6,165
"June 16, 2019",2019-06-16,129,50,111,6,8,175
"June 17, 2019",2019-06-17,109,37,80,10,6,133
"June 18, 2019",2019-06-18,79,29,51,6,9,95
"June 19, 2019",2019-06-19,94,38,64,8,4,114
"June 20, 2019",2019-06-20,93,32,80,4,5,121
"June 21, 2019",2019-06-21,111,57,87,3,4,151
"June 22, 2019",2019-06-22,140,52,118,10,0,180
"June 23, 2019",2019-06-23,147,57,141,3,6,207
"June 24, 2019",2019-06-24,111,37,85,4,4,130
"June 25, 2019",2019-06-25,101,30,79,7,2,118
"June 26, 2019",2019-06-26,102,39,83,9,1,132
"June 27, 2019",2019-06-27,113,36,96,10,7,149
"June 28, 2019",2019-06-28,114,42,107,9,5,163
"June 29, 2019",2019-06-29,123,37,114,7,1,159
"June 30, 2019",2019-06-30,130,59,107,8,4,178
"July 1, 2019",2019-07-01,111,34,85,12,6,137
"July 2, 2019",2019-07-02,105,28,92,7,7,134
"July 3, 2019",2019-07-03,104,32,77,10,8,127
"July 4, 2019",2019-07-04,178,43,170,7,9,229
"July 5, 2019",2019-07-05,160,45,150,9,5,209
"July 6, 2019",2019-07-06,129,50,114,4,6,174
"July 7, 2019",2019-07-07,124,33,121,6,9,169
"July 8, 2019",2019-07-08,109,46,80,7,6,139
"July 9, 2019",2019-07-09,110,35,84,12,8,139
"July 10, 2019",2019-07-10,126,49,90,10,5,154
"July 11, 2019",2019-07-11,111,50,68,6,3,127
"July 12, 2019",2019-07-12,93,46,63,6,1,116
"July 13, 2019",2019-07-13,116,32,116,9,4,161
"July 14, 2019",2019-07-14,142,52,117,6,8,183
"July 15, 2019",2019-07-15,95,30,82,4,6,122
"July 16, 2019",2019-07-16,105,33,74,9,10,126
"July 17, 2019",2019-07-17,96,32,77,10,6,125
"July 18, 2019",2019-07-18,99,33,73,6,8,120
"July 19, 2019",2019-07-19,111,37,73,8,7,125
"July 20, 2019",2019-07-20,151,44,143,4,6,197
"July 21, 2019",2019-07-21,158,66,123,10,1,200
"July 22, 2019",2019-07-22,112,33,92,5,7,137
"July 23, 2019",2019-07-23,96,26,79,5,5,115
"July 24, 2019",2019-07-24,113,35,84,6,5,130
"July 25, 2019",2019-07-25,97,37,68,11,10,126
"July 26, 2019",2019-07-26,109,48,72,8,4,132
"July 27, 2019",2019-07-27,131,49,123,4,7,183
"July 28, 2019",2019-07-28,147,52,157,8,6,223
"July 29, 2019",2019-07-29,117,24,106,4,11,145
"July 30, 2019",2019-07-30,114,39,88,6,9,142
"July 31, 2019",2019-07-31,90,30,66,12,4,112
"August 1, 2019",2019-08-01,102,36,72,10,5,123
"August 2, 2019",2019-08-02,107,42,84,7,1,134
"August 3, 2019",2019-08-03,157,81,137,5,8,231
"August 4, 2019",2019-08-04,126,56,129,8,8,201
"August 5, 2019",2019-08-05,106,32,95,11,5,143
"August 6, 2019",2019-08-06,94,37,64,4,4,109
"August 7, 2019",2019-08-07,99,28,83,4,4,119
"August 8, 2019",2019-08-08,95,27,69,12,9,117
"August 9, 2019",2019-08-09,105,33,93,6,2,134
"August 10, 2019",2019-08-10,114,31,109,3,0,143
"August 11, 2019",2019-08-11,147,37,138,6,5,186
"August 12, 2019",2019-08-12,121,45,97,6,3,151
"August 13, 2019",2019-08-13,98,20,81,9,5,115
"August 14, 2019",2019-08-14,105,38,80,4,9,131
"August 15, 2019",2019-08-15,108,28,99,2,7,136
"August 16, 2019",2019-08-16,95,35,69,7,3,114
"August 17, 2019",2019-08-17,117,38,103,6,0,147
"August 18, 2019",2019-08-18,117,34,104,10,3,151
"August 19, 2019",2019-08-19,100,26,75,10,4,115
"August 20, 2019",2019-08-20,96,38,65,3,6,112
"August 21, 2019",2019-08-21,99,36,74,9,5,124
"August 22, 2019",2019-08-22,102,38,78,12,5,133
"August 23, 2019",2019-08-23,100,34,89,4,0,127
"August 24, 2019",2019-08-24,141,51,116,6,5,178
"August 25, 2019",2019-08-25,128,47,114,4,8,173
"August 26, 2019",2019-08-26,92,22,84,4,4,114
"August 27, 2019",2019-08-27,118,44,89,7,3,143
"August 28, 2019",2019-08-28,70,26,54,4,3,87
"August 29, 2019",2019-08-29,106,37,90,7,5,139
"August 30, 2019",2019-08-30,108,37,93,9,4,143
"August 31, 2019",2019-08-31,116,51,125,8,7,191
"September 1, 2019",2019-09-01,139,51,113,7,4,175
"September 2, 2019",2019-09-02,127,52,100,8,4,164
"September 3, 2019",2019-09-03,97,37,64,5,7,113
"September 4, 2019",2019-09-04,94,31,77,6,6,120
"September 5, 2019",2019-09-05,94,26,66,10,8,110
"September 6, 2019",2019-09-06,95,42,58,9,3,112
"September 7, 2019",2019-09-07,119,43,84,6,3,136
"September 8, 2019",2019-09-08,131,48,111,5,3,167
"September 9, 2019",2019-09-09,97,33,61,8,4,106
"September 10, 2019",2019-09-10,89,34,69,4,3,110
"September 11, 2019",2019-09-11,95,31,61,6,9,107
"September 12, 2019",2019-09-12,89,29,65,10,12,116
"September 13, 2019",2019-09-13,90,36,68,7,4,115
"September 14, 2019",2019-09-14,117,41,104,8,3,156
"September 15, 2019",2019-09-15,128,44,90,8,7,149
"September 16, 2019",2019-09-16,104,40,74,13,7,134
"September 17, 2019",2019-09-17,84,32,62,4,2,100
"September 18, 2019",2019-09-18,91,40,55,9,8,112
"September 19, 2019",2019-09-19,79,35,56,6,4,101
"September 20, 2019",2019-09-20,108,38,93,3,7,141
"September 21, 2019",2019-09-21,113,57,100,8,3,168
"September 22, 2019",2019-09-22,132,48,110,7,5,170
"September 23, 2019",2019-09-23,97,46,64,4,4,118
"September 24, 2019",2019-09-24,100,27,73,6,8,114
"September 25, 2019",2019-09-25,78,26,61,9,1,97
"September 26, 2019",2019-09-26,84,26,61,6,3,96
"September 27, 2019",2019-09-27,94,30,81,7,2,120
"September 28, 2019",2019-09-28,113,48,79,3,4,134
"September 29, 2019",2019-09-29,113,44,94,8,10,156
"September 30, 2019",2019-09-30,88,31,72,8,4,115
"October 1, 2019",2019-10-01,113,38,86,12,3,139
"October 2, 2019",2019-10-02,73,24,56,3,3,86
"October 3, 2019",2019-10-03,92,34,80,9,4,127
"October 4, 2019",2019-10-04,88,29,67,5,4,105
"October 5, 2019",2019-10-05,108,46,86,4,4,140
"October 6, 2019",2019-10-06,122,48,109,5,5,167
"October 7, 2019",2019-10-07,100,40,72,10,4,126
"October 8, 2019",2019-10-08,96,30,70,9,7,116
"October 9, 2019",2019-10-09,90,40,62,4,5,111
"October 10, 2019",2019-10-10,82,38,59,6,5,108
"October 11, 2019",2019-10-11,89,30,65,6,4,105
"October 12, 2019",2019-10-12,117,40,116,7,5,168
"October 13, 2019",2019-10-13,112,37,95,4,5,141
"October 14, 2019",2019-10-14,102,30,83,4,4,121
"October 15, 2019",2019-10-15,88,33,59,12,2,106
"October 16, 2019",2019-10-16,82,26,62,9,3,100
"October 17, 2019",2019-10-17,91,41,61,6,5,113
"October 18, 2019",2019-10-18,105,35,80,6,3,124
"October 19, 2019",2019-10-19,122,42,102,7,2,153
"October 20, 2019",2019-10-20,123,41,89,8,10,148
"October 21, 2019",2019-10-21,97,37,66,9,7,119
"October 22, 2019",2019-10-22,88,31,61,4,5,101
"October 23, 2019",2019-10-23,93,36,61,6,5,108
"October 24, 2019",2019-10-24,87,37,56,4,7,104
"October 25, 2019",2019-10-25,91,26,74,10,4,114
"October 26, 2019",2019-10-26,106,38,84,6,5,133
"October 27, 2019",2019-10-27,116,52,95,7,4,158
"October 28, 2019",2019-10-28,94,22,76,8,8,114
"October 29, 2019",2019-10-29,88,30,82,7,4,123
"October 30, 2019",2019-10-30,92,34,61,12,5,112
"October 31, 2019",2019-10-31,87,42,56,8,5,111
"November 1, 2019",2019-11-01,130,44,104,9,5,162
"November 2, 2019",2019-11-02,110,45,82,4,2,133
"November 3, 2019",2019-11-03,130,48,117,5,4,174
"November 4, 2019",2019-11-04,93,34,65,10,7,116
"November 5, 2019",2019-11-05,85,29,60,6,6,101
"November 6, 2019",2019-11-06,98,31,77,8,3,119
"November 7, 2019",2019-11-07,81,26,61,7,12,106
"November 8, 2019",2019-11-08,84,40,48,4,7,99
"November 9, 2019",2019-11-09,117,37,91,3,6,137
"November 10, 2019",2019-11-10,125,44,115,7,6,172
"November 11, 2019",2019-11-11,98,29,81,7,4,121
"November 12, 2019",2019-11-12,76,35,45,8,4,92
"November 13, 2019",2019-11-13,65,25,39,7,2,73
"November 14, 2019",2019-11-14,78,28,58,7,5,98
"November 15, 2019",2019-11-15,88,36,65,9,5,115
"November 16, 2019",2019-11-16,120,44,97,6,9,156
"November 17, 2019",2019-11-17,142,57,122,11,3,193
"November 18, 2019",2019-11-18,79,35,59,10,3,107
"November 19, 2019",2019-11-19,103,42,74,10,7,133
"November 20, 2019",2019-11-20,100,32,74,6,8,120
"November 21, 2019",2019-11-21,76,29,64,6,3,102
"November 22, 2019",2019-11-22,87,34,61,5,3,103
"November 23, 2019",2019-11-23,111,43,99,2,8,152
"November 24, 2019",2019-11-24,99,42,80,5,4,131
"November 25, 2019",2019-11-25,115,50,74,7,4,135
"November 26, 2019",2019-11-26,77,37,48,3,7,95
"November 27, 2019",2019-11-27,93,35,70,8,4,117
"November 28, 2019",2019-11-28,112,41,87,7,3,138
"November 29, 2019",2019-11-29,102,32,79,8,7,126
"November 30, 2019",2019-11-30,109,44,71,8,6,129
"December 1, 2019",2019-12-01,115,43,100,7,6,156
"December 2, 2019",2019-12-02,115,48,73,9,8,138
"December 3, 2019",2019-12-03,83,28,54,9,3,94
"December 4, 2019",2019-12-04,83,38,49,9,7,103
"December 5, 2019",2019-12-05,80,36,42,9,6,93
"December 6, 2019",2019-12-06,98,38,69,7,11,125
"December 7, 2019",2019-12-07,115,41,83,6,9,139
"December 8, 2019",2019-12-08,135,61,97,2,6,166
"December 9, 2019",2019-12-09,92,28,70,5,3,106
"December 10, 2019",2019-12-10,93,34,66,13,3,116
"December 11, 2019",2019-12-11,84,22,68,4,4,98
"December 12, 2019",2019-12-12,88,39,59,10,9,117
"December 13, 2019",2019-12-13,78,42,44,5,4,95
"December 14, 2019",2019-12-14,126,53,83,15,3,154
"December 15, 2019",2019-12-15,101,41,78,12,4,135
"December 16, 2019",2019-12-16,82,32,52,8,6,98
"December 17, 2019",2019-12-17,81,43,45,11,5,104
"December 18, 2019",2019-12-18,96,30,72,4,6,112
"December 19, 2019",2019-12-19,102,38,68,11,3,120
"December 20, 2019",2019-12-20,85,30,75,4,6,115
"December 21, 2019",2019-12-21,106,40,82,7,5,134
"December 22, 2019",2019-12-22,120,37,117,5,6,165
"December 23, 2019",2019-12-23,114,42,83,10,3,138
"December 24, 2019",2019-12-24,104,33,91,10,8,142
"December 25, 2019",2019-12-25,105,40,91,7,2,140
"December 26, 2019",2019-12-26,82,24,68,3,5,100
"December 27, 2019",2019-12-27,123,39,107,6,4,156
"December 28, 2019",2019-12-28,126,35,109,7,5,156
"December 29, 2019",2019-12-29,126,52,88,9,9,158
"December 30, 2019",2019-12-30,103,40,81,4,3,128
"December 31, 2019",2019-12-31,148,50,107,10,6,173
"January 1, 2020",2020-01-01,191,74,152,13,7,246
"January 2, 2020",2020-01-02,97,30,68,7,6,111
"January 3, 2020",2020-01-03,88,35,66,1,4,106
"January 4, 2020",2020-01-04,102,37,71,5,8,121
"January 5, 2020",2020-01-05,84,35,53,8,6,102
"January 6, 2020",2020-01-06,106,34,81,7,11,133
"January 7, 2020",2020-01-07,86,17,71,8,3,99
"January 8, 2020",2020-01-08,72,35,42,7,4,88
"January 9, 2020",2020-01-09,85,26,57,10,7,100
"January 10, 2020",2020-01-10,88,30,58,12,5,105
"January 11, 2020",2020-01-11,140,54,106,6,5,171
"January 12, 2020",2020-01-12,121,44,93,5,6,148
"January 13, 2020",2020-01-13,86,37,59,10,4,110
"January 14, 2020",2020-01-14,90,36,52,6,5,99
"January 15, 2020",2020-01-15,107,43,64,11,7,125
"January 16, 2020",2020-01-16,90,32,61,7,6,106
"January 17, 2020",2020-01-17,85,31,60,2,3,96
"January 18, 2020",2020-01-18,100,40,71,3,6,120
"January 19, 2020",2020-01-19,114,39,112,11,5,167
"January 20, 2020",2020-01-20,102,33,77,10,9,129
"January 21, 2020",2020-01-21,78,37,41,7,6,91
"January 22, 2020",2020-01-22,94,34,61,7,12,114
"January 23, 2020",2020-01-23,80,26,55,9,6,96
"January 24, 2020",2020-01-24,109,44,75,10,10,139
"January 25, 2020",2020-01-25,110,35,83,7,9,134
"January 26, 2020",2020-01-26,100,47,79,4,5,135
"January 27, 2020",2020-01-27,84,35,56,7,7,105
"January 28, 2020",2020-01-28,97,37,65,6,6,114
"January 29, 2020",2020-01-29,72,24,48,5,5,82
"January 30, 2020",2020-01-30,84,32,65,4,7,108
"January 31, 2020",2020-01-31,83,30,70,4,5,109
"February 1, 2020",2020-02-01,91,43,61,8,3,115
"February 2, 2020",2020-02-02,105,32,92,6,6,136
"February 3, 2020",2020-02-03,91,40,70,7,5,122
"February 4, 2020",2020-02-04,83,34,47,6,7,94
"February 5, 2020",2020-02-05,77,27,57,6,3,93
"February 6, 2020",2020-02-06,62,30,27,4,9,70
"February 7, 2020",2020-02-07,81,35,54,8,5,102
"February 8, 2020",2020-02-08,106,46,80,6,4,136
"February 9, 2020",2020-02-09,104,37,86,9,10,142
"February 10, 2020",2020-02-10,87,33,65,9,8,115
"February 11, 2020",2020-02-11,87,32,65,5,6,108
"February 12, 2020",2020-02-12,69,30,47,6,4,87
"February 13, 2020",2020-02-13,84,30,53,11,7,101
"February 14, 2020",2020-02-14,94,34,73,7,4,118
"February 15, 2020",2020-02-15,95,29,81,4,5,119
"February 16, 2020",2020-02-16,133,48,109,15,6,178
"February 17, 2020",2020-02-17,87,28,72,10,2,112
"February 18, 2020",2020-02-18,97,37,66,7,5,115
"February 19, 2020",2020-02-19,87,34,64,5,4,107
"February 20, 2020",2020-02-20,80,39,52,10,0,101
"February 21, 2020",2020-02-21,83,32,53,7,3,95
"February 22, 2020",2020-02-22,99,43,72,5,6,126
"February 23, 2020",2020-02-23,108,41,94,2,5,142
"February 24, 2020",2020-02-24,73,20,55,8,7,90
"February 25, 2020",2020-02-25,82,32,60,10,4,106
"February 26, 2020",2020-02-26,66,34,41,7,2,84
"February 27, 2020",2020-02-27,66,19,45,9,4,77
"February 28, 2020",2020-02-28,69,33,34,5,5,77
"February 29, 2020",2020-02-29,84,34,67,6,4,111
"March 1, 2020",2020-03-01,120,44,93,7,10,154
"March 2, 2020",2020-03-02,92,39,61,6,3,109
"March 3, 2020",2020-03-03,78,30,53,7,4,94
"March 4, 2020",2020-03-04,65,29,49,6,2,86
"March 5, 2020",2020-03-05,87,32,52,5,9,98
"March 6, 2020",2020-03-06,75,34,45,10,4,93
"March 7, 2020",2020-03-07,84,26,101,4,5,136
"March 8, 2020",2020-03-08,96,43,72,12,7,134
"March 9, 2020",2020-03-09,93,40,62,9,4,115
"March 10, 2020",2020-03-10,83,32,64,4,3,103
"March 11, 2020",2020-03-11,88,30,54,7,7,98
"March 12, 2020",2020-03-12,67,28,43,6,3,80
"March 13, 2020",2020-03-13,80,44,38,7,7,96
"March 14, 2020",2020-03-14,103,40,65,12,6,123
"March 15, 2020",2020-03-15,114,49,97,10,5,161
"March 16, 2020",2020-03-16,89,30,59,14,3,106
"March 17, 2020",2020-03-17,87,27,75,8,6,116
"March 18, 2020",2020-03-18,95,35,71,5,4,115
"March 19, 2020",2020-03-19,96,35,73,5,1,114
"March 20, 2020",2020-03-20,98,32,76,9,9,126
"March 21, 2020",2020-03-21,99,33,73,13,5,124
"March 22, 2020",2020-03-22,74,29,55,4,3,91
"March 23, 2020",2020-03-23,84,32,62,6,7,107
"March 24, 2020",2020-03-24,89,24,64,6,8,102
"March 25, 2020",2020-03-25,93,35,63,4,7,109
"March 26, 2020",2020-03-26,100,33,71,7,6,117
"March 27, 2020",2020-03-27,95,52,62,6,2,122
"March 28, 2020",2020-03-28,93,29,79,5,6,119
"March 29, 2020",2020-03-29,117,49,87,5,8,149
"March 30, 2020",2020-03-30,117,34,104,9,4,151
"March 31, 2020",2020-03-31,102,46,69,5,5,125
"April 1, 2020",2020-04-01,113,46,79,7,9,141
"April 2, 2020",2020-04-02,99,33,73,9,7,122
"April 3, 2020",2020-04-03,79,33,58,4,4,99
"April 4, 2020",2020-04-04,116,45,81,7,10,143
"April 5, 2020",2020-04-05,112,44,95,10,4,153
"April 6, 2020",2020-04-06,116,46,93,6,4,149
"April 7, 2020",2020-04-07,117,43,86,12,7,148
"April 8, 2020",2020-04-08,111,33,98,9,2,142
"April 9, 2020",2020-04-09,117,50,72,8,7,137
"April 10, 2020",2020-04-10,117,65,74,8,3,150
"April 11, 2020",2020-04-11,120,43,100,7,7,157
"April 12, 2020",2020-04-12,101,34,72,10,5,121
"April 13, 2020",2020-04-13,91,31,69,3,4,107
"April 14, 2020",2020-04-14,82,42,51,3,4,100
"April 15, 2020",2020-04-15,91,23,79,7,3,112
"April 16, 2020",2020-04-16,96,31,70,9,5,115
"April 17, 2020",2020-04-17,99,39,76,4,4,123
"April 18, 2020",2020-04-18,111,43,92,9,6,150
"April 19, 2020",2020-04-19,129,47,94,7,6,154
"April 20, 2020",2020-04-20,91,35,66,3,0,104
"April 21, 2020",2020-04-21,88,29,53,7,9,98
"April 22, 2020",2020-04-22,89,32,60,7,6,105
"April 23, 2020",2020-04-23,95,44,54,5,4,107
"April 24, 2020",2020-04-24,121,46,87,10,8,151
"April 25, 2020",2020-04-25,112,38,94,6,5,143
"April 26, 2020",2020-04-26,107,45,79,7,5,136
"April 27, 2020",2020-04-27,107,41,80,7,6,134
"April 28, 2020",2020-04-28,108,38,88,9,1,136
"April 29, 2020",2020-04-29,110,41,71,12,7,131
"April 30, 2020",2020-04-30,96,22,73,6,5,106
"May 1, 2020",2020-05-01,105,45,71,7,5,128
"May 2, 2020",2020-05-02,117,36,91,4,8,139
"May 3, 2020",2020-05-03,156,55,137,14,3,209
"May 4, 2020",2020-05-04,115,46,74,11,5,136
"May 5, 2020",2020-05-05,93,42,67,11,5,125
"May 6, 2020",2020-05-06,122,48,91,11,4,154
"May 7, 2020",2020-05-07,104,37,74,7,3,121
"May 8, 2020",2020-05-08,90,40,59,7,4,110
"May 9, 2020",2020-05-09,135,50,101,11,5,167
"May 10, 2020",2020-05-10,116,45,88,4,5,142
"May 11, 2020",2020-05-11,89,34,69,3,2,108
"May 12, 2020",2020-05-12,108,33,83,5,7,128
"May 13, 2020",2020-05-13,116,40,93,7,6,146
"May 14, 2020",2020-05-14,96,28,81,6,3,118
"May 15, 2020",2020-05-15,133,58,101,10,4,173
"May 16, 2020",2020-05-16,146,51,122,7,5,185
"May 17, 2020",2020-05-17,132,39,118,6,9,172
"May 18, 2020",2020-05-18,121,40,93,10,7,150
"May 19, 2020",2020-05-19,108,35,92,8,3,138
"May 20, 2020",2020-05-20,128,38,110,11,2,161
"May 21, 2020",2020-05-21,123,43,93,7,9,152
"May 22, 2020",2020-05-22,124,49,94,6,8,157
"May 23, 2020",2020-05-23,136,54,135,9,5,203
"May 24, 2020",2020-05-24,168,69,135,8,8,220
"May 25, 2020",2020-05-25,148,39,124,10,10,183
"May 26, 2020",2020-05-26,142,44,128,12,2,186
"May 27, 2020",2020-05-27,133,51,108,13,9,181
"May 28, 2020",2020-05-28,142,52,119,10,4,185
"May 29, 2020",2020-05-29,151,46,112,10,8,176
"May 30, 2020",2020-05-30,169,52,172,2,5,231
"May 31, 2020",2020-05-31,212,80,176,10,4,270
"June 1, 2020",2020-06-01,140,60,104,6,8,178
"June 2, 2020",2020-06-02,159,52,130,11,12,205
"June 3, 2020",2020-06-03,135,40,112,6,9,167
"June 4, 2020",2020-06-04,134,55,111,3,4,173
"June 5, 2020",2020-06-05,121,49,84,4,8,145
"June 6, 2020",2020-06-06,168,57,153,8,9,227
"June 7, 2020",2020-06-07,165,72,138,12,4,226
"June 8, 2020",2020-06-08,160,50,132,3,8,193
"June 9, 2020",2020-06-09,142,43,138,5,6,192
"June 10, 2020",2020-06-10,123,32,119,8,10,169
"June 11, 2020",2020-06-11,122,60,100,8,2,170
"June 12, 2020",2020-06-12,124,27,119,5,5,156
"June 13, 2020",2020-06-13,154,46,163,6,5,220
"June 14, 2020",2020-06-14,182,61,178,4,4,247
"June 15, 2020",2020-06-15,139,50,115,6,5,176
"June 16, 2020",2020-06-16,163,54,141,6,3,204
"June 17, 2020",2020-06-17,143,46,125,7,8,186
"June 18, 2020",2020-06-18,138,35,121,6,5,167
"June 19, 2020",2020-06-19,179,67,146,6,6,225
"June 20, 2020",2020-06-20,223,79,215,5,4,303
"June 21, 2020",2020-06-21,182,64,190,4,5,263
"June 22, 2020",2020-06-22,181,69,178,10,4,261
"June 23, 2020",2020-06-23,140,48,122,7,0,177
"June 24, 2020",2020-06-24,149,56,114,6,6,182
"June 25, 2020",2020-06-25,128,39,116,9,4,168
"June 26, 2020",2020-06-26,162,58,146,10,5,219
"June 27, 2020",2020-06-27,211,62,204,15,5,286
"June 28, 2020",2020-06-28,169,62,149,8,6,225
"June 29, 2020",2020-06-29,145,56,122,8,10,196
"June 30, 2020",2020-06-30,145,44,134,3,5,186
"July 1, 2020",2020-07-01,141,60,110,7,3,180
"July 2, 2020",2020-07-02,123,52,99,8,4,163
"July 3, 2020",2020-07-03,174,60,144,4,2,210
"July 4, 2020",2020-07-04,226,96,226,7,6,335
"July 5, 2020",2020-07-05,292,109,333,9,5,456
"July 6, 2020",2020-07-06,140,58,111,9,2,180
"July 7, 2020",2020-07-07,135,55,125,5,2,187
"July 8, 2020",2020-07-08,139,56,99,4,6,165
"July 9, 2020",2020-07-09,138,39,119,7,5,170
"July 10, 2020",2020-07-10,147,51,110,9,7,177
"July 11, 2020",2020-07-11,207,76,166,16,6,264
"July 12, 2020",2020-07-12,180,73,166,9,3,251
"July 13, 2020",2020-07-13,176,54,154,6,4,218
"July 14, 2020",2020-07-14,162,51,141,9,9,210
"July 15, 2020",2020-07-15,153,56,133,6,7,202
"July 16, 2020",2020-07-16,161,56,125,9,3,193
"July 17, 2020",2020-07-17,144,45,135,5,2,187
"July 18, 2020",2020-07-18,199,53,168,10,8,239
"July 19, 2020",2020-07-19,156,59,164,2,2,227
"July 20, 2020",2020-07-20,142,47,123,2,7,179
"July 21, 2020",2020-07-21,151,57,132,4,3,196
"July 22, 2020",2020-07-22,140,55,109,7,4,175
"July 23, 2020",2020-07-23,149,61,109,7,5,182
"July 24, 2020",2020-07-24,167,59,134,8,2,203
"July 25, 2020",2020-07-25,166,58,173,4,6,241
"July 26, 2020",2020-07-26,228,79,213,2,5,299
"July 27, 2020",2020-07-27,151,42,143,5,6,196
"July 28, 2020",2020-07-28,154,54,124,4,6,188
"July 29, 2020",2020-07-29,127,52,96,8,1,157
"July 30, 2020",2020-07-30,152,42,133,8,8,191
"July 31, 2020",2020-07-31,155,50,132,3,7,192
"August 1, 2020",2020-08-01,184,76,150,6,5,237
"August 2, 2020",2020-08-02,173,54,158,6,10,228
"August 3, 2020",2020-08-03,127,39,123,2,1,165
"August 4, 2020",2020-08-04,139,53,127,8,2,190
"August 5, 2020",2020-08-05,118,42,92,2,6,142
"August 6, 2020",2020-08-06,112,44,91,5,3,143
"August 7, 2020",2020-08-07,145,47,105,10,10,172
"August 8, 2020",2020-08-08,188,64,165,12,7,248
"August 9, 2020",2020-08-09,215,71,223,5,6,305
"August 10, 2020",2020-08-10,128,47,94,8,7,156
"August 11, 2020",2020-08-11,144,38,126,6,10,180
"August 12, 2020",2020-08-12,138,41,118,2,2,163
"August 13, 2020",2020-08-13,138,58,90,5,6,159
"August 14, 2020",2020-08-14,169,78,116,7,11,212
"August 15, 2020",2020-08-15,183,61,176,9,6,252
"August 16, 2020",2020-08-16,204,68,195,6,4,273
"August 17, 2020",2020-08-17,152,54,130,12,3,199
"August 18, 2020",2020-08-18,123,46,99,8,6,159
"August 19, 2020",2020-08-19,143,51,122,6,6,185
"August 20, 2020",2020-08-20,150,50,119,9,6,184
"August 21, 2020",2020-08-21,142,48,113,5,4,170
"August 22, 2020",2020-08-22,176,66,143,6,7,222
"August 23, 2020",2020-08-23,185,60,177,5,8,250
"August 24, 2020",2020-08-24,145,48,138,4,7,197
"August 25, 2020",2020-08-25,146,39,127,9,3,178
"August 26, 2020",2020-08-26,140,55,118,4,0,177
"August 27, 2020",2020-08-27,133,45,102,3,6,156
"August 28, 2020",2020-08-28,136,38,116,7,5,166
"August 29, 2020",2020-08-29,185,51,156,11,7,225
"August 30, 2020",2020-08-30,207,74,203,10,8,295
"August 31, 2020",2020-08-31,155,44,126,14,5,189
"September 1, 2020",2020-09-01,121,53,89,7,7,156
"September 2, 2020",2020-09-02,139,47,116,5,6,174
"September 3, 2020",2020-09-03,140,53,117,9,3,182
"September 4, 2020",2020-09-04,134,49,98,7,8,162
"September 5, 2020",2020-09-05,164,51,146,6,5,208
"September 6, 2020",2020-09-06,178,63,173,8,3,247
"September 7, 2020",2020-09-07,174,72,149,5,5,231
"September 8, 2020",2020-09-08,122,39,105,5,5,154
"September 9, 2020",2020-09-09,123,38,99,8,6,151
"September 10, 2020",2020-09-10,121,49,96,8,3,156
"September 11, 2020",2020-09-11,138,52,110,3,4,169
"September 12, 2020",2020-09-12,177,61,148,8,11,228
"September 13, 2020",2020-09-13,185,69,163,8,12,252
"September 14, 2020",2020-09-14,130,51,109,3,1,164
"September 15, 2020",2020-09-15,143,42,117,5,12,176
"September 16, 2020",2020-09-16,133,59,97,4,5,165
"September 17, 2020",2020-09-17,130,58,93,4,7,162
"September 18, 2020",2020-09-18,115,43,84,8,6,141
"September 19, 2020",2020-09-19,138,48,141,7,2,198
"September 20, 2020",2020-09-20,143,61,115,3,2,181
"September 21, 2020",2020-09-21,134,52,90,15,5,162
"September 22, 2020",2020-09-22,113,34,94,5,5,138
"September 23, 2020",2020-09-23,119,40,111,4,6,161
"September 24, 2020",2020-09-24,137,50,105,7,7,169
"September 25, 2020",2020-09-25,128,50,106,5,5,166
"September 26, 2020",2020-09-26,184,63,163,4,9,239
"September 27, 2020",2020-09-27,178,72,147,7,5,231
"September 28, 2020",2020-09-28,135,51,116,7,6,180
"September 29, 2020",2020-09-29,127,48,104,8,4,164
"September 30, 2020",2020-09-30,130,55,115,4,7,181
"October 1, 2020",2020-10-01,122,54,90,3,3,150
"October 2, 2020",2020-10-02,148,56,119,12,4,191
"October 3, 2020",2020-10-03,165,65,140,5,1,211
"October 4, 2020",2020-10-04,143,44,120,6,7,177
"October 5, 2020",2020-10-05,157,82,100,3,8,193
"October 6, 2020",2020-10-06,140,56,91,9,10,166
"October 7, 2020",2020-10-07,127,42,116,2,1,161
"October 8, 2020",2020-10-08,134,39,119,7,5,170
"October 9, 2020",2020-10-09,165,50,132,10,9,201
"October 10, 2020",2020-10-10,164,69,136,5,3,213
"October 11, 2020",2020-10-11,195,67,165,5,12,249
"October 12, 2020",2020-10-12,127,56,82,5,6,149
"October 13, 2020",2020-10-13,156,46,138,6,3,193
"October 14, 2020",2020-10-14,143,47,113,9,2,171
"October 15, 2020",2020-10-15,137,58,105,8,13,184
"October 16, 2020",2020-10-16,128,54,105,10,2,171
"October 17, 2020",2020-10-17,187,58,162,7,9,236
"October 18, 2020",2020-10-18,174,56,152,6,5,219
"October 19, 2020",2020-10-19,131,41,119,8,3,171
"October 20, 2020",2020-10-20,143,55,99,10,13,177
"October 21, 2020",2020-10-21,151,59,111,5,9,184
"October 22, 2020",2020-10-22,148,55,122,9,5,191
"October 23, 2020",2020-10-23,155,49,114,21,8,192
"October 24, 2020",2020-10-24,173,72,135,3,8,218
"October 25, 2020",2020-10-25,183,77,142,2,5,226
"October 26, 2020",2020-10-26,115,43,90,7,2,142
"October 27, 2020",2020-10-27,132,41,101,4,6,152
"October 28, 2020",2020-10-28,125,45,95,7,4,151
"October 29, 2020",2020-10-29,121,37,104,6,5,152
"October 30, 2020",2020-10-30,130,52,95,11,4,162
"October 31, 2020",2020-10-31,202,70,190,12,9,281
"November 1, 2020",2020-11-01,193,83,170,6,5,264
"November 2, 2020",2020-11-02,130,47,92,4,4,147
"November 3, 2020",2020-11-03,122,49,101,6,3,159
"November 4, 2020",2020-11-04,127,49,96,8,3,156
"November 5, 2020",2020-11-05,139,53,101,5,4,163
"November 6, 2020",2020-11-06,150,64,114,4,6,188
"November 7, 2020",2020-11-07,164,66,131,4,4,205
"November 8, 2020",2020-11-08,181,66,163,5,6,240
"November 9, 2020",2020-11-09,157,67,118,6,5,196
"November 10, 2020",2020-11-10,129,44,93,14,10,161
"November 11, 2020",2020-11-11,106,39,83,3,6,131
"November 12, 2020",2020-11-12,121,49,93,6,7,155
"November 13, 2020",2020-11-13,130,52,87,8,5,152
"November 14, 2020",2020-11-14,164,65,129,6,2,202
"November 15, 2020",2020-11-15,157,57,131,4,5,197
"November 16, 2020",2020-11-16,129,45,109,9,3,166
"November 17, 2020",2020-11-17,127,40,98,9,5,152
"November 18, 2020",2020-11-18,111,43,85,7,3,138
"November 19, 2020",2020-11-19,110,43,74,8,6,131
"November 20, 2020",2020-11-20,169,62,129,8,10,209
"November 21, 2020",2020-11-21,172,72,131,8,6,217
"November 22, 2020",2020-11-22,144,57,115,7,3,182
"November 23, 2020",2020-11-23,125,46,95,3,1,145
"November 24, 2020",2020-11-24,136,44,111,9,6,170
"November 25, 2020",2020-11-25,121,51,73,3,3,130
"November 26, 2020",2020-11-26,132,47,93,6,12,158
"November 27, 2020",2020-11-27,152,66,117,8,4,195
"November 28, 2020",2020-11-28,149,57,124,4,7,192
"November 29, 2020",2020-11-29,174,56,154,7,4,221
"November 30, 2020",2020-11-30,127,44,103,6,6,159
"December 1, 2020",2020-12-01,122,55,86,4,5,150
"December 2, 2020",2020-12-02,121,61,71,4,5,141
"December 3, 2020",2020-12-03,101,38,69,6,7,120
"December 4, 2020",2020-12-04,127,52,90,8,3,153
"December 5, 2020",2020-12-05,145,41,123,5,9,178
"December 6, 2020",2020-12-06,145,52,100,11,6,169
"December 7, 2020",2020-12-07,121,47,84,5,6,142
"December 8, 2020",2020-12-08,111,45,76,9,8,138
"December 9, 2020",2020-12-09,119,34,93,6,6,139
"December 10, 2020",2020-12-10,135,52,103,11,7,173
"December 11, 2020",2020-12-11,126,40,97,8,10,155
"December 12, 2020",2020-12-12,156,67,127,5,6,205
"December 13, 2020",2020-12-13,153,67,106,7,5,185
"December 14, 2020",2020-12-14,108,49,61,10,6,126
"December 15, 2020",2020-12-15,132,58,92,5,4,159
"December 16, 2020",2020-12-16,104,49,68,7,5,129
"December 17, 2020",2020-12-17,100,38,67,8,9,122
"December 18, 2020",2020-12-18,106,47,68,8,2,125
"December 19, 2020",2020-12-19,142,63,108,6,6,183
"December 20, 2020",2020-12-20,145,59,119,4,8,190
"December 21, 2020",2020-12-21,134,57,96,3,0,156
"December 22, 2020",2020-12-22,146,69,102,7,3,181
"December 23, 2020",2020-12-23,117,51,77,5,6,139
"December 24, 2020",2020-12-24,117,56,80,8,6,150
"December 25, 2020",2020-12-25,124,56,80,8,7,151
"December 26, 2020",2020-12-26,114,60,82,6,5,153
"December 27, 2020",2020-12-27,146,55,119,7,5,186
"December 28, 2020",2020-12-28,126,51,80,12,6,149
"December 29, 2020",2020-12-29,125,46,81,8,8,143
"December 30, 2020",2020-12-30,126,56,74,10,10,150
"December 31, 2020",2020-12-31,132,49,94,6,10,159
"January 1, 2021",2021-01-01,191,72,171,9,8,260
"January 2, 2021",2021-01-02,128,49,100,4,8,161
"January 3, 2021",2021-01-03,128,51,111,8,6,176
"January 4, 2021",2021-01-04,121,46,96,8,4,154
"January 5, 2021",2021-01-05,111,37,80,6,6,129
"January 6, 2021",2021-01-06,107,48,66,10,4,128
"January 7, 2021",2021-01-07,80,35,49,4,4,92
"January 8, 2021",2021-01-08,118,44,84,10,7,145
"January 9, 2021",2021-01-09,130,50,99,8,6,163
"January 10, 2021",2021-01-10,148,65,103,10,5,183
"January 11, 2021",2021-01-11,104,48,63,9,7,127
"January 12, 2021",2021-01-12,116,42,82,6,6,136
"January 13, 2021",2021-01-13,102,49,60,9,6,124
"January 14, 2021",2021-01-14,107,45,70,4,5,124
"January 15, 2021",2021-01-15,132,58,97,4,5,164
"January 16, 2021",2021-01-16,113,47,89,5,13,154
"January 17, 2021",2021-01-17,140,57,113,9,4,183
"January 18, 2021",2021-01-18,141,60,97,3,7,167
"January 19, 2021",2021-01-19,117,47,82,5,8,142
"January 20, 2021",2021-01-20,116,49,71,8,3,131
"January 21, 2021",2021-01-21,122,52,75,8,9,144
"January 22, 2021",2021-01-22,132,66,83,5,5,159
"January 23, 2021",2021-01-23,142,54,114,4,5,177
"January 24, 2021",2021-01-24,134,56,118,6,2,182
"January 25, 2021",2021-01-25,118,48,79,8,6,141
"January 26, 2021",2021-01-26,122,51,80,7,4,142
"January 27, 2021",2021-01-27,100,50,59,4,9,122
"January 28, 2021",2021-01-28,103,43,70,6,9,128
"January 29, 2021",2021-01-29,114,41,76,9,10,136
"January 30, 2021",2021-01-30,135,46,101,6,12,165
"January 31, 2021",2021-01-31,127,56,81,8,4,149
"February 1, 2021",2021-02-01,109,45,78,8,3,134
"February 2, 2021",2021-02-02,101,47,72,12,2,133
"February 3, 2021",2021-02-03,98,52,69,7,5,133
"February 4, 2021",2021-02-04,116,40,92,11,4,147
"February 5, 2021",2021-02-05,130,52,89,10,6,157
"February 6, 2021",2021-02-06,142,64,104,10,7,185
"February 7, 2021",2021-02-07,136,53,103,8,2,166
"February 8, 2021",2021-02-08,114,46,83,10,7,146
"February 9, 2021",2021-02-09,77,30,60,6,1,97
"February 10, 2021",2021-02-10,92,46,64,6,2,118
"February 11, 2021",2021-02-11,91,26,72,12,2,112
"February 12, 2021",2021-02-12,91,48,48,8,7,111
"February 13, 2021",2021-02-13,102,35,96,7,6,144
"February 14, 2021",2021-02-14,110,51,80,8,5,144
"February 15, 2021",2021-02-15,91,30,58,8,7,103
"February 16, 2021",2021-02-16,112,56,66,5,8,135
"February 17, 2021",2021-02-17,97,43,72,6,4,125
"February 18, 2021",2021-02-18,101,31,73,10,9,123
"February 19, 2021",2021-02-19,100,48,64,7,4,123
"February 20, 2021",2021-02-20,131,58,102,9,2,171
"February 21, 2021",2021-02-21,143,48,122,7,10,187
"February 22, 2021",2021-02-22,106,31,92,5,4,132
"February 23, 2021",2021-02-23,114,40,91,4,8,143
"February 24, 2021",2021-02-24,121,42,88,10,8,148
"February 25, 2021",2021-02-25,119,46,80,11,5,142
"February 26, 2021",2021-02-26,117,59,75,6,2,142
"February 27, 2021",2021-02-27,168,55,131,16,8,210
"February 28, 2021",2021-02-28,158,67,143,3,7,220
"March 1, 2021",2021-03-01,108,48,66,9,6,129
"March 2, 2021",2021-03-02,86,32,60,7,5,104
"March 3, 2021",2021-03-03,102,41,76,6,5,128
"March 4, 2021",2021-03-04,110,31,88,5,6,130
"March 5, 2021",2021-03-05,96,45,66,8,4,123
"March 6, 2021",2021-03-06,130,55,110,2,6,173
"March 7, 2021",2021-03-07,144,56,104,7,5,172
"March 8, 2021",2021-03-08,100,47,65,5,1,118
"March 9, 2021",2021-03-09,119,44,85,7,5,141
"March 10, 2021",2021-03-10,120,40,96,8,9,153
"March 11, 2021",2021-03-11,124,46,94,10,14,164
"March 12, 2021",2021-03-12,129,55,94,5,9,163
"March 13, 2021",2021-03-13,141,64,121,6,4,195
"March 14, 2021",2021-03-14,117,39,109,7,3,158
"March 15, 2021",2021-03-15,97,39,76,2,4,121
"March 16, 2021",2021-03-16,93,50,61,7,8,126
"March 17, 2021",2021-03-17,96,32,67,6,5,110
"March 18, 2021",2021-03-18,73,27,50,8,3,88
"March 19, 2021",2021-03-19,98,35,74,8,7,124
"March 20, 2021",2021-03-20,124,46,114,8,6,174
"March 21, 2021",2021-03-21,136,49,100,9,6,164
"March 22, 2021",2021-03-22,111,52,83,3,5,143
"March 23, 2021",2021-03-23,95,37,69,6,8,120
"March 24, 2021",2021-03-24,103,34,75,8,7,124
"March 25, 2021",2021-03-25,100,39,75,9,8,131
"March 26, 2021",2021-03-26,123,44,118,8,3,173
"March 27, 2021",2021-03-27,138,51,108,8,8,175
"March 28, 2021",2021-03-28,127,48,117,6,3,174
"March 29, 2021",2021-03-29,121,42,90,7,5,144
"March 30, 2021",2021-03-30,118,37,94,9,3,143
"March 31, 2021",2021-03-31,105,49,67,7,6,129
"April 1, 2021",2021-04-01,91,34,64,8,0,106
"April 2, 2021",2021-04-02,102,38,83,7,2,130
"April 3, 2021",2021-04-03,166,69,138,11,5,223
"April 4, 2021",2021-04-04,161,57,142,7,7,213
"April 5, 2021",2021-04-05,137,56,109,6,6,177
"April 6, 2021",2021-04-06,128,45,108,8,3,164
"April 7, 2021",2021-04-07,138,56,116,7,8,187
"April 8, 2021",2021-04-08,115,43,91,6,2,142
"April 9, 2021",2021-04-09,147,60,114,5,7,186
"April 10, 2021",2021-04-10,162,63,125,10,4,202
"April 11, 2021",2021-04-11,146,54,107,6,4,171
"April 12, 2021",2021-04-12,132,42,107,6,6,161
"April 13, 2021",2021-04-13,120,46,94,8,1,149
"April 14, 2021",2021-04-14,118,57,70,5,4,136
"April 15, 2021",2021-04-15,110,45,96,12,8,161
"April 16, 2021",2021-04-16,99,30,82,7,5,124
"April 17, 2021",2021-04-17,151,47,129,11,7,194
"April 18, 2021",2021-04-18,163,74,133,8,6,221
"April 19, 2021",2021-04-19,109,45,85,6,4,140
"April 20, 2021",2021-04-20,108,46,77,8,2,133
"April 21, 2021",2021-04-21,97,41,60,8,7,116
"April 22, 2021",2021-04-22,108,38,73,5,5,121
"April 23, 2021",2021-04-23,126,58,87,5,5,155
"April 24, 2021",2021-04-24,147,56,117,6,10,189
"April 25, 2021",2021-04-25,194,79,172,6,6,263
"April 26, 2021",2021-04-26,149,44,143,5,1,193
"April 27, 2021",2021-04-27,143,48,122,6,4,180
"April 28, 2021",2021-04-28,125,48,91,9,5,153
"April 29, 2021",2021-04-29,140,50,106,7,4,167
"April 30, 2021",2021-04-30,108,28,89,4,5,126
"May 1, 2021",2021-05-01,181,60,172,9,8,249
"May 2, 2021",2021-05-02,204,70,187,7,5,269
"May 3, 2021",2021-05-03,109,50,79,4,2,135
"May 4, 2021",2021-05-04,133,40,98,12,9,159
"May 5, 2021",2021-05-05,147,44,123,3,7,177
"May 6, 2021",2021-05-06,134,40,112,4,7,163
"May 7, 2021",2021-05-07,144,46,118,6,9,179
"May 8, 2021",2021-05-08,151,57,139,6,8,210
"May 9, 2021",2021-05-09,145,68,130,7,2,207
"May 10, 2021",2021-05-10,129,52,100,7,7,166
"May 11, 2021",2021-05-11,126,33,112,7,3,155
"May 12, 2021",2021-05-12,123,51,100,4,7,162
"May 13, 2021",2021-05-13,141,54,112,4,12,182
"May 14, 2021",2021-05-14,156,48,128,10,8,194
"May 15, 2021",2021-05-15,173,73,152,5,9,239
"May 16, 2021",2021-05-16,184,75,171,12,6,264
"May 17, 2021",2021-05-17,164,71,115,9,5,200
"May 18, 2021",2021-05-18,138,51,110,6,2,169
"May 19, 2021",2021-05-19,145,56,114,12,2,184
"May 20, 2021",2021-05-20,142,46,116,8,5,175
"May 21, 2021",2021-05-21,164,54,130,9,10,203
"May 22, 2021",2021-05-22,195,63,202,11,14,290
"May 23, 2021",2021-05-23,191,59,182,10,1,252
"May 24, 2021",2021-05-24,156,64,114,9,6,193
"May 25, 2021",2021-05-25,132,46,98,6,2,152
"May 26, 2021",2021-05-26,134,51,103,11,5,170
"May 27, 2021",2021-05-27,130,48,104,2,6,160
"May 28, 2021",2021-05-28,142,52,116,7,3,178
"May 29, 2021",2021-05-29,160,63,128,5,7,203
"May 30, 2021",2021-05-30,158,58,141,9,5,213
"May 31, 2021",2021-05-31,172,73,130,13,7,223
"June 1, 2021",2021-06-01,146,60,96,10,6,172
"June 2, 2021",2021-06-02,118,34,101,3,10,148
"June 3, 2021",2021-06-03,140,44,114,9,6,173
"June 4, 2021",2021-06-04,154,52,117,8,7,184
"June 5, 2021",2021-06-05,176,63,151,10,5,229
"June 6, 2021",2021-06-06,204,74,196,9,13,292
"June 7, 2021",2021-06-07,157,56,121,9,4,190
"June 8, 2021",2021-06-08,122,56,97,5,2,160
"June 9, 2021",2021-06-09,132,53,90,5,2,150
"June 10, 2021",2021-06-10,151,48,125,11,6,190
"June 11, 2021",2021-06-11,148,61,137,7,5,210
"June 12, 2021",2021-06-12,157,63,153,9,8,233
"June 13, 2021",2021-06-13,204,52,193,4,8,257
"June 14, 2021",2021-06-14,159,58,130,7,8,203
"June 15, 2021",2021-06-15,120,52,97,9,7,165
"June 16, 2021",2021-06-16,159,54,120,13,8,195
"June 17, 2021",2021-06-17,151,60,120,6,4,190
"June 18, 2021",2021-06-18,145,44,133,6,1,184
"June 19, 2021",2021-06-19,192,65,190,11,4,270
"June 20, 2021",2021-06-20,218,84,215,10,6,315
"June 21, 2021",2021-06-21,137,63,107,6,4,180
"June 22, 2021",2021-06-22,124,44,92,12,1,149
"June 23, 2021",2021-06-23,163,62,137,10,3,212
"June 24, 2021",2021-06-24,119,39,91,10,4,144
"June 25, 2021",2021-06-25,148,42,123,14,8,187
"June 26, 2021",2021-06-26,132,52,112,5,4,173
"June 27, 2021",2021-06-27,201,65,191,9,4,269
"June 28, 2021",2021-06-28,131,49,109,6,6,170
"June 29, 2021",2021-06-29,137,40,112,8,3,163
"June 30, 2021",2021-06-30,114,39,98,10,3,150
"July 1, 2021",2021-07-01,138,62,110,5,8,185
"July 2, 2021",2021-07-02,142,64,104,5,5,178
"July 3, 2021",2021-07-03,163,82,115,4,11,212
"July 4, 2021",2021-07-04,275,87,270,12,12,381
"July 5, 2021",2021-07-05,241,82,221,9,4,316
"July 6, 2021",2021-07-06,154,56,109,6,5,176
"July 7, 2021",2021-07-07,161,67,122,8,4,201
"July 8, 2021",2021-07-08,152,54,120,8,9,191
"July 9, 2021",2021-07-09,150,54,111,9,6,180
"July 10, 2021",2021-07-10,171,59,153,8,6,226
"July 11, 2021",2021-07-11,168,50,152,7,4,213
"July 12, 2021",2021-07-12,135,60,115,3,4,182
"July 13, 2021",2021-07-13,127,50,118,4,3,175
"July 14, 2021",2021-07-14,127,39,110,9,7,165
"July 15, 2021",2021-07-15,129,43,104,6,9,162
"July 16, 2021",2021-07-16,133,48,129,10,1,188
"July 17, 2021",2021-07-17,166,61,136,10,9,216
"July 18, 2021",2021-07-18,206,75,191,6,8,280
"July 19, 2021",2021-07-19,137,54,112,6,6,178
"July 20, 2021",2021-07-20,148,61,102,8,8,179
"July 21, 2021",2021-07-21,129,50,114,2,3,169
"July 22, 2021",2021-07-22,131,44,102,5,3,154
"July 23, 2021",2021-07-23,154,71,115,5,9,200
"July 24, 2021",2021-07-24,186,71,169,7,4,251
"July 25, 2021",2021-07-25,170,63,153,9,6,231
"July 26, 2021",2021-07-26,156,59,120,7,5,191
"July 27, 2021",2021-07-27,136,39,117,11,4,171
"July 28, 2021",2021-07-28,113,32,99,4,8,143
"July 29, 2021",2021-07-29,117,53,92,7,3,155
"July 30, 2021",2021-07-30,116,32,96,4,1,133
"July 31, 2021",2021-07-31,186,68,193,8,3,272
"August 1, 2021",2021-08-01,164,63,146,4,7,220
"August 2, 2021",2021-08-02,130,42,120,2,4,168
"August 3, 2021",2021-08-03,129,49,101,9,2,161
"August 4, 2021",2021-08-04,131,34,101,7,9,151
"August 5, 2021",2021-08-05,114,40,83,11,7,141
"August 6, 2021",2021-08-06,149,53,117,7,2,179
"August 7, 2021",2021-08-07,193,78,169,9,6,262
"August 8, 2021",2021-08-08,182,64,185,7,4,260
"August 9, 2021",2021-08-09,135,65,107,4,5,181
"August 10, 2021",2021-08-10,113,44,91,6,3,144
"August 11, 2021",2021-08-11,126,47,94,11,4,156
"August 12, 2021",2021-08-12,138,50,100,9,4,163
"August 13, 2021",2021-08-13,137,45,120,7,8,180
"August 14, 2021",2021-08-14,191,71,163,10,5,249
"August 15, 2021",2021-08-15,150,61,124,10,4,199
"August 16, 2021",2021-08-16,125,54,87,8,5,154
"August 17, 2021",2021-08-17,123,50,89,4,4,147
"August 18, 2021",2021-08-18,128,47,117,11,4,179
"August 19, 2021",2021-08-19,115,46,92,7,7,152
"August 20, 2021",2021-08-20,120,43,89,9,4,145
"August 21, 2021",2021-08-21,147,55,125,6,4,190
"August 22, 2021",2021-08-22,166,64,156,3,4,227
"August 23, 2021",2021-08-23,149,65,111,5,7,188
"August 24, 2021",2021-08-24,127,45,88,9,7,149
"August 25, 2021",2021-08-25,112,40,83,8,5,136
"August 26, 2021",2021-08-26,121,37,92,10,8,147
"August 27, 2021",2021-08-27,126,45,107,7,9,168
"August 28, 2021",2021-08-28,161,62,122,5,3,192
"August 29, 2021",2021-08-29,170,66,143,8,5,222
"August 30, 2021",2021-08-30,119,43,94,6,1,144
"August 31, 2021",2021-08-31,134,39,107,11,3,160
"September 1, 2021",2021-09-01,114,48,72,8,4,132
"September 2, 2021",2021-09-02,116,33,92,7,3,135
"September 3, 2021",2021-09-03,163,61,121,11,5,198
"September 4, 2021",2021-09-04,166,57,155,8,9,229
"September 5, 2021",2021-09-05,174,70,164,7,6,247
"September 6, 2021",2021-09-06,165,69,109,9,2,189
"September 7, 2021",2021-09-07,124,40,94,13,6,153
"September 8, 2021",2021-09-08,135,57,94,7,2,160
"September 9, 2021",2021-09-09,116,37,97,6,7,147
"September 10, 2021",2021-09-10,123,48,85,8,5,146
"September 11, 2021",2021-09-11,160,68,123,11,11,213
"September 12, 2021",2021-09-12,184,75,157,8,3,243
"September 13, 2021",2021-09-13,112,37,97,6,2,142
"September 14, 2021",2021-09-14,123,35,109,2,3,149
"September 15, 2021",2021-09-15,102,42,80,7,1,130
"September 16, 2021",2021-09-16,124,38,96,10,2,146
"September 17, 2021",2021-09-17,133,47,112,4,3,166
"September 18, 2021",2021-09-18,165,65,148,7,1,221
"September 19, 2021",2021-09-19,181,79,171,4,3,257
"September 20, 2021",2021-09-20,144,70,98,8,7,183
"September 21, 2021",2021-09-21,151,52,119,11,8,190
"September 22, 2021",2021-09-22,108,41,73,5,3,122
"September 23, 2021",2021-09-23,135,50,113,7,8,178
"September 24, 2021",2021-09-24,122,62,77,5,6,150
"September 25, 2021",2021-09-25,183,82,139,9,1,231
"September 26, 2021",2021-09-26,178,67,161,2,2,232
"September 27, 2021",2021-09-27,139,66,92,7,5,170
"September 28, 2021",2021-09-28,101,38,82,4,6,130
"September 29, 2021",2021-09-29,113,44,90,5,5,144
"September 30, 2021",2021-09-30,117,49,84,5,6,144
"October 1, 2021",2021-10-01,152,71,115,11,6,203
"October 2, 2021",2021-10-02,178,63,145,3,8,219
"October 3, 2021",2021-10-03,175,57,144,7,7,215
"October 4, 2021",2021-10-04,134,55,92,14,6,167
"October 5, 2021",2021-10-05,131,43,96,12,11,162
"October 6, 2021",2021-10-06,128,51,96,10,6,163
"October 7, 2021",2021-10-07,146,59,121,6,8,194
"October 8, 2021",2021-10-08,140,56,99,12,4,171
"October 9, 2021",2021-10-09,171,61,145,10,7,223
"October 10, 2021",2021-10-10,194,65,174,11,7,257
"October 11, 2021",2021-10-11,127,52,99,7,1,159
"October 12, 2021",2021-10-12,131,51,110,7,5,173
"October 13, 2021",2021-10-13,122,38,92,7,6,143
"October 14, 2021",2021-10-14,124,46,97,5,4,152
"October 15, 2021",2021-10-15,126,46,102,4,3,155
"October 16, 2021",2021-10-16,145,42,133,8,6,189
"October 17, 2021",2021-10-17,159,70,150,9,7,236
"October 18, 2021",2021-10-18,120,54,86,8,4,152
"October 19, 2021",2021-10-19,112,38,76,6,6,126
"October 20, 2021",2021-10-20,128,51,82,11,11,155
"October 21, 2021",2021-10-21,112,42,96,6,1,145
"October 22, 2021",2021-10-22,116,37,97,11,3,148
"October 23, 2021",2021-10-23,155,55,141,6,2,204
"October 24, 2021",2021-10-24,191,88,144,8,1,241
"October 25, 2021",2021-10-25,128,57,90,10,5,162
"October 26, 2021",2021-10-26,110,49,70,9,1,129
"October 27, 2021",2021-10-27,103,48,74,5,5,132
"October 28, 2021",2021-10-28,127,52,90,3,6,151
"October 29, 2021",2021-10-29,115,42,98,3,4,147
"October 30, 2021",2021-10-30,177,87,149,7,6,249
"October 31, 2021",2021-10-31,206,96,171,5,16,288
"November 1, 2021",2021-11-01,145,54,114,5,6,179
"November 2, 2021",2021-11-02,116,53,74,5,4,136
"November 3, 2021",2021-11-03,108,40,83,8,4,135
"November 4, 2021",2021-11-04,100,46,69,7,2,124
"November 5, 2021",2021-11-05,141,57,103,9,3,172
"November 6, 2021",2021-11-06,140,44,123,14,5,186
"November 7, 2021",2021-11-07,163,62,135,8,4,209
"November 8, 2021",2021-11-08,124,51,87,7,5,150
"November 9, 2021",2021-11-09,115,43,96,5,4,148
"November 10, 2021",2021-11-10,101,29,80,4,4,117
"November 11, 2021",2021-11-11,114,39,88,6,4,137
"November 12, 2021",2021-11-12,112,44,86,3,6,139
"November 13, 2021",2021-11-13,154,65,117,5,8,195
"November 14, 2021",2021-11-14,139,56,114,9,5,184
"November 15, 2021",2021-11-15,103,44,76,9,3,132
"November 16, 2021",2021-11-16,145,52,106,5,12,175
"November 17, 2021",2021-11-17,109,48,82,6,4,140
"November 18, 2021",2021-11-18,117,42,89,4,5,140
"November 19, 2021",2021-11-19,112,45,75,7,9,136
"November 20, 2021",2021-11-20,149,71,108,5,3,187
"November 21, 2021",2021-11-21,143,46,113,4,6,169
"November 22, 2021",2021-11-22,110,45,69,8,3,125
"November 23, 2021",2021-11-23,110,46,87,9,6,148
"November 24, 2021",2021-11-24,105,43,76,4,7,130
"November 25, 2021",2021-11-25,111,43,87,4,2,136
"November 26, 2021",2021-11-26,121,47,92,8,7,154
"November 27, 2021",2021-11-27,140,63,101,2,2,168
"November 28, 2021",2021-11-28,163,61,129,14,8,212
"November 29, 2021",2021-11-29,124,38,100,5,4,147
"November 30, 2021",2021-11-30,109,44,86,6,3,139
"December 1, 2021",2021-12-01,111,45,81,11,6,143
"December 2, 2021",2021-12-02,108,42,75,9,2,128
"December 3, 2021",2021-12-03,135,55,106,6,5,172
"December 4, 2021",2021-12-04,140,59,99,8,5,171
"December 5, 2021",2021-12-05,135,51,120,6,2,179
"December 6, 2021",2021-12-06,116,56,79,9,3,147
"December 7, 2021",2021-12-07,83,43,50,7,2,102
"December 8, 2021",2021-12-08,93,42,49,8,5,104
"December 9, 2021",2021-12-09,93,41,66,3,2,112
"December 10, 2021",2021-12-10,123,50,88,8,6,152
"December 11, 2021",2021-12-11,151,56,120,6,4,186
"December 12, 2021",2021-12-12,161,69,145,12,2,228
"December 13, 2021",2021-12-13,107,45,81,7,7,140
"December 14, 2021",2021-12-14,125,45,95,8,9,157
"December 15, 2021",2021-12-15,122,41,87,10,6,144
"December 16, 2021",2021-12-16,110,47,70,8,6,131
"December 17, 2021",2021-12-17,120,43,106,4,1,154
"December 18, 2021",2021-12-18,132,45,106,7,3,161
"December 19, 2021",2021-12-19,127,64,84,5,3,156
"December 20, 2021",2021-12-20,115,34,79,8,5,126
"December 21, 2021",2021-12-21,125,52,86,6,5,149
"December 22, 2021",2021-12-22,113,40,72,8,6,126
"December 23, 2021",2021-12-23,106,44,75,13,7,139
"December 24, 2021",2021-12-24,151,56,112,10,8,186
"December 25, 2021",2021-12-25,122,59,85,6,4,154
"December 26, 2021",2021-12-26,138,60,115,6,6,187
"December 27, 2021",2021-12-27,130,53,110,10,8,181
"December 28, 2021",2021-12-28,114,51,79,5,2,137
"December 29, 2021",2021-12-29,129,42,99,8,5,154
"December 30, 2021",2021-12-30,109,44,86,3,7,140
"December 31, 2021",2021-12-31,165,68,132,6,6,212
"January 1, 2022",2022-01-01,215,76,191,9,7,283
"January 2, 2022",2022-01-02,105,39,84,8,3,134
"January 3, 2022",2022-01-03,120,52,90,4,5,151
"January 4, 2022",2022-01-04,108,35,73,11,6,125
"January 5, 2022",2022-01-05,118,50,84,7,3,144
"January 6, 2022",2022-01-06,100,32,79,10,1,122
"January 7, 2022",2022-01-07,101,39,75,5,4,123
"January 8, 2022",2022-01-08,127,63,83,5,2,153
"January 9, 2022",2022-01-09,133,59,105,11,4,179
"January 10, 2022",2022-01-10,111,49,68,7,4,128
"January 11, 2022",2022-01-11,106,27,82,9,9,127
"January 12, 2022",2022-01-12,111,44,79,10,6,139
"January 13, 2022",2022-01-13,128,37,112,4,4,157
"January 14, 2022",2022-01-14,99,37,77,7,3,124
"January 15, 2022",2022-01-15,136,58,105,5,6,174
"January 16, 2022",2022-01-16,145,54,108,10,6,178
"January 17, 2022",2022-01-17,127,61,85,5,3,154
"January 18, 2022",2022-01-18,117,42,83,10,13,148
"January 19, 2022",2022-01-19,149,58,117,8,9,192
"January 20, 2022",2022-01-20,86,36,59,12,5,112
"January 21, 2022",2022-01-21,87,35,65,5,1,106
"January 22, 2022",2022-01-22,135,62,91,10,4,167
"January 23, 2022",2022-01-23,147,56,119,13,7,195
"January 24, 2022",2022-01-24,99,38,68,6,6,118
"January 25, 2022",2022-01-25,98,31,77,5,4,117
"January 26, 2022",2022-01-26,102,41,66,9,9,125
"January 27, 2022",2022-01-27,106,44,78,9,7,138
"January 28, 2022",2022-01-28,99,40,68,4,4,116
"January 29, 2022",2022-01-29,117,52,85,7,13,157
"January 30, 2022",2022-01-30,133,53,99,3,6,161
"January 31, 2022",2022-01-31,104,40,81,7,5,133
"February 1, 2022",2022-02-01,134,50,106,8,10,174
"February 2, 2022",2022-02-02,81,34,56,3,3,96
"February 3, 2022",2022-02-03,82,35,46,10,6,97
"February 4, 2022",2022-02-04,96,43,69,9,4,125
"February 5, 2022",2022-02-05,144,61,100,9,3,173
"February 6, 2022",2022-02-06,142,54,110,15,1,180
"February 7, 2022",2022-02-07,103,42,64,11,4,121
"February 8, 2022",2022-02-08,119,44,73,8,12,137
"February 9, 2022",2022-02-09,112,41,83,8,4,136
"February 10, 2022",2022-02-10,126,48,81,8,10,147
"February 11, 2022",2022-02-11,124,51,94,8,8,161
"February 12, 2022",2022-02-12,135,58,97,8,7,170
"February 13, 2022",2022-02-13,143,58,101,10,7,176
"February 14, 2022",2022-02-14,89,31,64,8,1,104
"February 15, 2022",2022-02-15,130,49,87,10,9,155
"February 16, 2022",2022-02-16,100,47,62,10,2,121
"February 17, 2022",2022-02-17,119,46,88,9,4,147
"February 18, 2022",2022-02-18,95,35,68,3,1,107
"February 19, 2022",2022-02-19,131,53,117,11,8,189
"February 20, 2022",2022-02-20,136,54,118,8,3,183
"February 21, 2022",2022-02-21,110,45,76,4,6,131
"February 22, 2022",2022-02-22,104,30,81,10,5,126
"February 23, 2022",2022-02-23,101,39,68,10,2,119
"February 24, 2022",2022-02-24,84,35,57,6,4,102
"February 25, 2022",2022-02-25,87,34,57,4,8,103
"February 26, 2022",2022-02-26,126,51,122,5,5,183
"February 27, 2022",2022-02-27,147,48,124,9,5,186
"February 28, 2022",2022-02-28,97,47,57,7,6,117
"March 1, 2022",2022-03-01,87,30,60,7,7,104
"March 2, 2022",2022-03-02,103,39,77,7,9,132
"March 3, 2022",2022-03-03,105,24,91,11,5,131
"March 4, 2022",2022-03-04,106,38,73,2,8,121
"March 5, 2022",2022-03-05,150,71,109,5,11,196
"March 6, 2022",2022-03-06,169,50,156,6,6,218
"March 7, 2022",2022-03-07,99,38,69,11,3,121
"March 8, 2022",2022-03-08,96,45,64,3,2,114
"March 9, 2022",2022-03-09,97,39,65,9,5,118
"March 10, 2022",2022-03-10,88,35,66,4,3,108
"March 11, 2022",2022-03-11,98,38,68,8,2,116
"March 12, 2022",2022-03-12,133,59,96,11,4,170
"March 13, 2022",2022-03-13,131,57,98,4,7,166
"March 14, 2022",2022-03-14,104,42,70,13,11,136
"March 15, 2022",2022-03-15,129,44,106,6,5,161
"March 16, 2022",2022-03-16,122,44,94,6,5,149
"March 17, 2022",2022-03-17,136,55,101,13,7,176
"March 18, 2022",2022-03-18,164,61,128,8,7,204
"March 19, 2022",2022-03-19,149,59,160,10,8,237
"March 20, 2022",2022-03-20,155,52,134,3,4,193
"March 21, 2022",2022-03-21,129,37,101,11,8,157
"March 22, 2022",2022-03-22,105,41,74,7,3,125
"March 23, 2022",2022-03-23,100,33,79,6,7,125
"March 24, 2022",2022-03-24,100,33,80,6,5,124
"March 25, 2022",2022-03-25,148,60,103,9,5,177
"March 26, 2022",2022-03-26,123,45,101,9,4,159
"March 27, 2022",2022-03-27,135,52,101,8,3,164
"March 28, 2022",2022-03-28,98,40,73,3,4,120
"March 29, 2022",2022-03-29,120,37,83,12,7,139
"March 30, 2022",2022-03-30,121,40,92,5,7,144
"March 31, 2022",2022-03-31,120,44,79,13,7,143
"April 1, 2022",2022-04-01,112,39,82,9,6,136
"April 2, 2022",2022-04-02,126,44,112,7,5,168
"April 3, 2022",2022-04-03,142,60,146,10,5,221
"April 4, 2022",2022-04-04,111,39,84,5,6,134
"April 5, 2022",2022-04-05,95,34,68,12,7,121
"April 6, 2022",2022-04-06,114,47,76,8,5,136
"April 7, 2022",2022-04-07,99,45,61,9,4,119
"April 8, 2022",2022-04-08,127,51,95,2,3,151
"April 9, 2022",2022-04-09,138,54,116,8,4,182
"April 10, 2022",2022-04-10,167,84,141,3,3,231
"April 11, 2022",2022-04-11,119,36,93,7,4,140
"April 12, 2022",2022-04-12,126,54,109,3,4,170
"April 13, 2022",2022-04-13,127,45,100,8,9,162
"April 14, 2022",2022-04-14,146,44,112,11,7,174
"April 15, 2022",2022-04-15,135,56,107,4,3,170
"April 16, 2022",2022-04-16,151,50,141,10,8,209
"April 17, 2022",2022-04-17,167,69,152,6,2,229
"April 18, 2022",2022-04-18,104,42,73,7,2,124
"April 19, 2022",2022-04-19,84,33,62,5,1,101
"April 20, 2022",2022-04-20,98,36,66,8,7,117
"April 21, 2022",2022-04-21,110,35,82,5,4,126
"April 22, 2022",2022-04-22,135,51,115,7,8,181
"April 23, 2022",2022-04-23,154,61,131,3,1,196
"April 24, 2022",2022-04-24,180,62,165,5,5,237
"April 25, 2022",2022-04-25,128,56,82,9,5,152
"April 26, 2022",2022-04-26,106,46,77,3,3,129
"April 27, 2022",2022-04-27,111,49,89,5,5,148
"April 28, 2022",2022-04-28,99,33,75,7,8,123
"April 29, 2022",2022-04-29,123,50,98,10,3,161
"April 30, 2022",2022-04-30,160,70,131,9,7,217
"May 1, 2022",2022-05-01,167,61,155,9,8,233
"May 2, 2022",2022-05-02,98,42,62,7,1,112
"May 3, 2022",2022-05-03,117,61,86,6,4,157
"May 4, 2022",2022-05-04,128,47,90,6,5,148
"May 5, 2022",2022-05-05,153,73,99,9,10,191
"May 6, 2022",2022-05-06,125,51,98,5,6,160
"May 7, 2022",2022-05-07,152,52,141,8,4,205
"May 8, 2022",2022-05-08,181,66,162,10,6,244
"May 9, 2022",2022-05-09,121,38,98,5,8,149
"May 10, 2022",2022-05-10,150,52,140,8,4,204
"May 11, 2022",2022-05-11,126,37,115,3,7,162
"May 12, 2022",2022-05-12,118,40,97,2,5,144
"May 13, 2022",2022-05-13,136,44,120,10,12,186
"May 14, 2022",2022-05-14,163,78,116,6,9,209
"May 15, 2022",2022-05-15,186,59,174,8,5,246
"May 16, 2022",2022-05-16,144,55,103,13,5,176
"May 17, 2022",2022-05-17,122,49,82,6,9,146
"May 18, 2022",2022-05-18,101,33,79,12,8,132
"May 19, 2022",2022-05-19,118,41,94,12,3,150
"May 20, 2022",2022-05-20,122,45,91,10,8,154
"May 21, 2022",2022-05-21,168,55,144,14,3,216
"May 22, 2022",2022-05-22,165,71,131,6,3,211
"May 23, 2022",2022-05-23,130,43,110,6,5,164
"May 24, 2022",2022-05-24,117,57,96,3,10,166
"May 25, 2022",2022-05-25,112,40,80,12,9,141
"May 26, 2022",2022-05-26,119,33,85,10,4,132
"May 27, 2022",2022-05-27,107,47,85,3,7,142
"May 28, 2022",2022-05-28,156,54,141,13,8,216
"May 29, 2022",2022-05-29,169,68,161,4,8,241
"May 30, 2022",2022-05-30,187,59,164,10,6,239
"May 31, 2022",2022-05-31,141,55,103,6,5,169
"June 1, 2022",2022-06-01,136,54,108,14,1,177
"June 2, 2022",2022-06-02,134,53,106,11,2,172
"June 3, 2022",2022-06-03,133,39,104,14,10,167
"June 4, 2022",2022-06-04,152,57,167,9,3,236
"June 5, 2022",2022-06-05,171,70,157,10,9,246
"June 6, 2022",2022-06-06,103,40,84,3,2,129
"June 7, 2022",2022-06-07,124,45,109,7,3,164
"June 8, 2022",2022-06-08,117,38,92,5,6,141
"June 9, 2022",2022-06-09,117,48,85,5,4,142
"June 10, 2022",2022-06-10,134,69,88,10,5,172
"June 11, 2022",2022-06-11,147,54,141,7,7,209
"June 12, 2022",2022-06-12,177,73,165,8,7,253
"June 13, 2022",2022-06-13,147,48,113,7,4,172
"June 14, 2022",2022-06-14,131,46,102,14,5,167
"June 15, 2022",2022-06-15,142,53,101,11,3,168
"June 16, 2022",2022-06-16,108,52,82,9,0,143
"June 17, 2022",2022-06-17,102,43,79,4,6,132
"June 18, 2022",2022-06-18,172,51,159,6,7,223
"June 19, 2022",2022-06-19,190,84,154,15,6,259
"June 20, 2022",2022-06-20,138,47,128,6,6,187
"June 21, 2022",2022-06-21,125,52,89,11,1,153
"June 22, 2022",2022-06-22,105,40,81,7,3,131
"June 23, 2022",2022-06-23,127,47,90,10,6,153
"June 24, 2022",2022-06-24,138,60,106,8,5,179
"June 25, 2022",2022-06-25,175,70,135,11,7,223
"June 26, 2022",2022-06-26,189,79,179,7,8,273
"June 27, 2022",2022-06-27,146,49,125,11,2,187
"June 28, 2022",2022-06-28,142,46,109,7,8,170
"June 29, 2022",2022-06-29,126,44,100,7,2,153
"June 30, 2022",2022-06-30,130,51,106,7,9,173
"July 1, 2022",2022-07-01,137,60,107,2,3,172
"July 2, 2022",2022-07-02,171,70,143,10,10,233
"July 3, 2022",2022-07-03,196,75,157,11,11,254
"July 4, 2022",2022-07-04,240,86,271,6,11,374
"July 5, 2022",2022-07-05,195,84,154,10,6,254
"July 6, 2022",2022-07-06,127,52,98,7,0,157
"July 7, 2022",2022-07-07,122,47,87,9,4,147
"July 8, 2022",2022-07-08,117,48,94,4,3,149
"July 9, 2022",2022-07-09,148,55,110,12,6,183
"July 10, 2022",2022-07-10,162,59,149,6,10,224
"July 11, 2022",2022-07-11,145,58,116,7,6,187
"July 12, 2022",2022-07-12,132,39,113,10,7,169
"July 13, 2022",2022-07-13,130,50,101,11,6,168
"July 14, 2022",2022-07-14,120,53,87,9,7,156
"July 15, 2022",2022-07-15,140,51,93,7,6,157
"July 16, 2022",2022-07-16,178,66,155,8,4,233
"July 17, 2022",2022-07-17,202,84,176,11,8,279
"July 18, 2022",2022-07-18,126,41,107,3,7,158
"July 19, 2022",2022-07-19,149,54,106,14,6,180
"July 20, 2022",2022-07-20,135,49,110,7,11,177
"July 21, 2022",2022-07-21,131,43,118,4,6,171
"July 22, 2022",2022-07-22,157,48,115,9,11,183
"July 23, 2022",2022-07-23,196,70,198,12,4,284
"July 24, 2022",2022-07-24,180,67,164,7,5,243
"July 25, 2022",2022-07-25,135,43,111,12,6,172
"July 26, 2022",2022-07-26,127,54,80,6,6,146
"July 27, 2022",2022-07-27,128,49,95,7,7,158
"July 28, 2022",2022-07-28,107,43,82,2,3,130
"July 29, 2022",2022-07-29,134,51,120,8,3,182
"July 30, 2022",2022-07-30,162,41,152,12,8,213
"July 31, 2022",2022-07-31,207,71,195,8,1,275
"August 1, 2022",2022-08-01,146,67,106,12,7,192
"August 2, 2022",2022-08-02,121,46,91,4,4,145
"August 3, 2022",2022-08-03,126,47,110,8,5,170
"August 4, 2022",2022-08-04,112,45,92,5,3,145
"August 5, 2022",2022-08-05,140,56,96,6,9,167
"August 6, 2022",2022-08-06,177,68,151,8,9,236
"August 7, 2022",2022-08-07,203,72,182,6,8,268
"August 8, 2022",2022-08-08,148,53,118,5,7,183
"August 9, 2022",2022-08-09,110,37,85,5,8,135
"August 10, 2022",2022-08-10,120,40,89,4,9,142
"August 11, 2022",2022-08-11,125,33,100,7,10,150
"August 12, 2022",2022-08-12,131,54,98,5,7,164
"August 13, 2022",2022-08-13,172,56,165,9,6,236
"August 14, 2022",2022-08-14,188,64,159,4,5,232
"August 15, 2022",2022-08-15,109,37,78,8,5,128
"August 16, 2022",2022-08-16,122,34,111,6,5,156
"August 17, 2022",2022-08-17,111,40,84,3,5,132
"August 18, 2022",2022-08-18,114,41,91,5,5,142
"August 19, 2022",2022-08-19,134,61,97,9,9,176
"August 20, 2022",2022-08-20,164,59,129,7,11,206
"August 21, 2022",2022-08-21,185,70,146,8,6,230
"August 22, 2022",2022-08-22,128,48,89,7,6,150
"August 23, 2022",2022-08-23,113,39,85,12,2,138
"August 24, 2022",2022-08-24,118,44,96,10,6,156
"August 25, 2022",2022-08-25,116,47,104,4,4,159
"August 26, 2022",2022-08-26,144,48,112,11,4,175
"August 27, 2022",2022-08-27,189,72,153,8,4,237
"August 28, 2022",2022-08-28,193,85,176,16,4,281
"August 29, 2022",2022-08-29,122,49,102,8,3,162
"August 30, 2022",2022-08-30,116,50,82,7,4,143
"August 31, 2022",2022-08-31,115,40,86,8,3,137
"September 1, 2022",2022-09-01,123,37,100,8,6,151
"September 2, 2022",2022-09-02,149,55,107,14,7,183
"September 3, 2022",2022-09-03,161,55,153,8,6,222
"September 4, 2022",2022-09-04,168,63,154,7,6,230
"September 5, 2022",2022-09-05,148,61,132,6,4,203
"September 6, 2022",2022-09-06,133,35,107,4,5,151
"September 7, 2022",2022-09-07,110,45,79,7,3,134
"September 8, 2022",2022-09-08,107,44,82,6,5,137
"September 9, 2022",2022-09-09,143,55,115,15,8,193
"September 10, 2022",2022-09-10,147,60,116,4,8,188
"September 11, 2022",2022-09-11,166,71,133,10,8,222
"September 12, 2022",2022-09-12,114,29,98,12,3,142
"September 13, 2022",2022-09-13,112,43,87,2,3,135
"September 14, 2022",2022-09-14,135,42,116,10,7,175
"September 15, 2022",2022-09-15,110,33,90,4,3,130
"September 16, 2022",2022-09-16,97,36,71,4,3,114
"September 17, 2022",2022-09-17,174,56,153,10,7,226
"September 18, 2022",2022-09-18,160,78,123,5,7,213
"September 19, 2022",2022-09-19,129,51,93,7,11,162
"September 20, 2022",2022-09-20,117,39,95,6,7,147
"September 21, 2022",2022-09-21,108,43,76,5,5,129
"September 22, 2022",2022-09-22,108,32,90,10,7,139
"September 23, 2022",2022-09-23,139,46,124,6,3,179
"September 24, 2022",2022-09-24,185,81,147,11,7,246
"September 25, 2022",2022-09-25,166,75,133,3,6,217
"September 26, 2022",2022-09-26,117,46,88,14,4,152
"September 27, 2022",2022-09-27,122,48,105,5,1,159
"September 28, 2022",2022-09-28,105,30,99,8,5,142
"September 29, 2022",2022-09-29,98,38,75,5,8,126
"September 30, 2022",2022-09-30,117,44,91,6,2,143
"October 1, 2022",2022-10-01,133,52,109,5,2,168
"October 2, 2022",2022-10-02,158,61,115,10,6,192
"October 3, 2022",2022-10-03,105,48,73,3,5,129
"October 4, 2022",2022-10-04,108,38,75,7,11,131
"October 5, 2022",2022-10-05,108,45,86,6,4,141
"October 6, 2022",2022-10-06,103,46,71,5,3,125
"October 7, 2022",2022-10-07,124,51,96,6,4,157
"October 8, 2022",2022-10-08,159,61,134,3,11,209
"October 9, 2022",2022-10-09,164,73,137,10,2,222
"October 10, 2022",2022-10-10,139,40,109,6,7,162
"October 11, 2022",2022-10-11,107,42,75,4,5,126
"October 12, 2022",2022-10-12,121,37,99,10,4,150
"October 13, 2022",2022-10-13,104,47,84,4,5,140
"October 14, 2022",2022-10-14,105,33,78,3,5,119
"October 15, 2022",2022-10-15,158,69,145,6,7,227
"October 16, 2022",2022-10-16,126,45,110,8,10,173
"October 17, 2022",2022-10-17,109,45,78,3,4,130
"October 18, 2022",2022-10-18,100,39,74,7,3,123
"October 19, 2022",2022-10-19,91,34,61,6,2,103
"October 20, 2022",2022-10-20,85,34,59,5,6,104
"October 21, 2022",2022-10-21,137,46,119,7,4,176
"October 22, 2022",2022-10-22,150,59,127,4,4,194
"October 23, 2022",2022-10-23,162,69,121,11,3,204
"October 24, 2022",2022-10-24,120,43,97,6,8,154
"October 25, 2022",2022-10-25,115,45,80,12,6,143
"October 26, 2022",2022-10-26,87,39,54,5,4,102
"October 27, 2022",2022-10-27,113,54,74,9,5,142
"October 28, 2022",2022-10-28,126,46,97,11,5,159
"October 29, 2022",2022-10-29,159,64,134,4,6,208
"October 30, 2022",2022-10-30,175,62,159,9,5,235
"October 31, 2022",2022-10-31,143,47,133,6,6,192
"November 1, 2022",2022-11-01,136,41,130,4,9,184
"November 2, 2022",2022-11-02,114,36,87,7,4,134
"November 3, 2022",2022-11-03,88,24,66,6,5,101
"November 4, 2022",2022-11-04,118,54,84,9,6,153
"November 5, 2022",2022-11-05,164,63,135,9,11,218
"November 6, 2022",2022-11-06,163,65,136,5,4,210
"November 7, 2022",2022-11-07,118,41,94,4,7,146
"November 8, 2022",2022-11-08,109,35,81,10,4,130
"November 9, 2022",2022-11-09,102,33,78,7,2,120
"November 10, 2022",2022-11-10,102,36,69,10,6,121
"November 11, 2022",2022-11-11,123,41,92,6,6,145
"November 12, 2022",2022-11-12,138,49,116,9,10,184
"November 13, 2022",2022-11-13,130,46,110,10,7,173
"November 14, 2022",2022-11-14,104,36,76,7,5,124
"November 15, 2022",2022-11-15,115,47,68,11,8,134
"November 16, 2022",2022-11-16,96,31,68,10,5,114
"November 17, 2022",2022-11-17,120,40,80,7,8,135
"November 18, 2022",2022-11-18,94,36,69,5,5,115
"November 19, 2022",2022-11-19,118,57,108,8,2,175
"November 20, 2022",2022-11-20,119,51,86,6,8,151
"November 21, 2022",2022-11-21,96,43,56,9,2,110
"November 22, 2022",2022-11-22,105,48,86,3,4,141
"November 23, 2022",2022-11-23,133,54,101,5,8,168
"November 24, 2022",2022-11-24,106,49,73,7,3,132
"November 25, 2022",2022-11-25,117,46,78,8,3,135
"November 26, 2022",2022-11-26,129,48,104,6,4,162
"November 27, 2022",2022-11-27,159,63,118,8,6,195
"November 28, 2022",2022-11-28,103,49,68,4,2,123
"November 29, 2022",2022-11-29,90,31,59,9,1,100
"November 30, 2022",2022-11-30,105,40,80,8,3,131
"December 1, 2022",2022-12-01,110,41,78,9,2,130
"December 2, 2022",2022-12-02,99,35,73,6,4,118
"December 3, 2022",2022-12-03,134,69,77,7,5,158
"December 4, 2022",2022-12-04,106,43,78,6,4,131
"December 5, 2022",2022-12-05,103,45,67,6,7,125
"December 6, 2022",2022-12-06,99,37,66,7,4,114
"December 7, 2022",2022-12-07,115,48,70,9,7,134
"December 8, 2022",2022-12-08,103,42,78,10,4,134
"December 9, 2022",2022-12-09,107,43,75,6,4,128
"December 10, 2022",2022-12-10,125,51,77,6,6,140
"December 11, 2022",2022-12-11,132,46,114,7,2,169
"December 12, 2022",2022-12-12,116,43,88,8,6,145
"December 13, 2022",2022-12-13,106,43,72,4,12,131
"December 14, 2022",2022-12-14,96,38,72,8,4,122
"December 15, 2022",2022-12-15,93,30,72,7,2,111
"December 16, 2022",2022-12-16,101,44,74,6,7,131
"December 17, 2022",2022-12-17,122,42,93,10,4,149
"December 18, 2022",2022-12-18,148,57,112,8,2,179
"December 19, 2022",2022-12-19,114,50,85,11,7,153
"December 20, 2022",2022-12-20,100,35,62,15,6,118
"December 21, 2022",2022-12-21,101,44,68,10,2,124
"December 22, 2022",2022-12-22,108,43,74,8,6,131
"December 23, 2022",2022-12-23,86,47,48,5,8,108
"December 24, 2022",2022-12-24,90,50,54,5,5,114
"December 25, 2022",2022-12-25,94,42,60,5,3,110
"December 26, 2022",2022-12-26,98,38,71,7,3,119
"December 27, 2022",2022-12-27,104,33,84,7,4,128
"December 28, 2022",2022-12-28,102,37,83,10,5,135
"December 29, 2022",2022-12-29,133,50,93,8,11,162
"December 30, 2022",2022-12-30,127,59,91,8,4,162
"December 31, 2022",2022-12-31,151,59,126,5,8,198
"January 1, 2023",2023-01-01,245,86,223,8,16,333
"January 2, 2023",2023-01-02,128,40,95,14,4,153
"January 3, 2023",2023-01-03,121,43,89,9,9,150
"January 4, 2023",2023-01-04,110,52,84,7,5,148
"January 5, 2023",2023-01-05,96,38,77,7,4,126
"January 6, 2023",2023-01-06,110,54,68,11,3,136
"January 7, 2023",2023-01-07,139,51,113,12,4,180
"January 8, 2023",2023-01-08,128,58,89,10,5,162
"January 9, 2023",2023-01-09,113,53,80,9,3,145
"January 10, 2023",2023-01-10,99,36,63,9,4,112
"January 11, 2023",2023-01-11,111,45,79,13,3,140
"January 12, 2023",2023-01-12,83,29,60,3,3,95
"January 13, 2023",2023-01-13,101,44,72,9,3,128
"January 14, 2023",2023-01-14,123,44,95,3,5,147
"January 15, 2023",2023-01-15,134,54,110,3,10,177
"January 16, 2023",2023-01-16,124,60,94,8,4,166
"January 17, 2023",2023-01-17,100,38,77,8,7,130
"January 18, 2023",2023-01-18,99,38,67,10,9,124
"January 19, 2023",2023-01-19,95,44,58,8,4,114
"January 20, 2023",2023-01-20,106,48,74,5,5,132
"January 21, 2023",2023-01-21,145,68,110,12,7,197
"January 22, 2023",2023-01-22,145,51,127,9,8,195
"January 23, 2023",2023-01-23,89,40,73,9,4,126
"January 24, 2023",2023-01-24,106,40,74,11,8,133
"January 25, 2023",2023-01-25,82,33,49,7,2,91
"January 26, 2023",2023-01-26,71,33,50,4,2,89
"January 27, 2023",2023-01-27,104,38,79,3,4,124
"January 28, 2023",2023-01-28,142,56,115,8,10,189
"January 29, 2023",2023-01-29,132,54,102,9,8,173
"January 30, 2023",2023-01-30,103,47,77,11,5,140
"January 31, 2023",2023-01-31,77,31,57,9,3,100
"February 1, 2023",2023-02-01,110,34,91,1,2,128
"February 2, 2023",2023-02-02,74,35,39,10,5,89
"February 3, 2023",2023-02-03,106,34,82,11,3,130
"February 4, 2023",2023-02-04,129,50,99,13,5,167
"February 5, 2023",2023-02-05,155,64,116,15,9,204
"February 6, 2023",2023-02-06,95,37,64,9,5,115
"February 7, 2023",2023-02-07,118,47,72,10,6,135
"February 8, 2023",2023-02-08,110,45,90,7,3,145
"February 9, 2023",2023-02-09,96,39,67,8,7,121
"February 10, 2023",2023-02-10,88,40,64,7,3,114
"February 11, 2023",2023-02-11,127,50,92,6,3,151
"February 12, 2023",2023-02-12,127,51,89,3,4,147
"February 13, 2023",2023-02-13,117,45,100,4,4,153
"February 14, 2023",2023-02-14,102,32,77,9,8,126
"February 15, 2023",2023-02-15,102,43,74,7,6,130
"February 16, 2023",2023-02-16,96,28,76,5,4,113
"February 17, 2023",2023-02-17,103,45,75,5,8,133
"February 18, 2023",2023-02-18,138,56,104,11,5,176
"February 19, 2023",2023-02-19,142,63,125,3,4,195
"February 20, 2023",2023-02-20,106,43,71,7,7,128
"February 21, 2023",2023-02-21,128,45,97,11,2,155
"February 22, 2023",2023-02-22,92,40,64,8,4,116
"February 23, 2023",2023-02-23,101,39,73,5,6,123
"February 24, 2023",2023-02-24,94,34,71,8,5,118
"February 25, 2023",2023-02-25,97,31,84,8,1,124
"February 26, 2023",2023-02-26,138,63,119,5,4,191
"February 27, 2023",2023-02-27,98,37,72,3,6,118
"February 28, 2023",2023-02-28,108,38,76,15,1,130
"March 1, 2023",2023-03-01,94,42,58,9,7,116
"March 2, 2023",2023-03-02,88,40,53,8,7,108
"March 3, 2023",2023-03-03,101,38,64,6,4,112
"March 4, 2023",2023-03-04,123,54,103,9,7,173
"March 5, 2023",2023-03-05,137,54,118,3,7,182
"March 6, 2023",2023-03-06,117,41,83,12,6,142
"March 7, 2023",2023-03-07,112,39,89,9,2,139
"March 8, 2023",2023-03-08,86,29,64,7,5,105
"March 9, 2023",2023-03-09,78,30,56,5,2,93
"March 10, 2023",2023-03-10,94,33,71,12,10,126
"March 11, 2023",2023-03-11,120,41,108,7,5,161
"March 12, 2023",2023-03-12,113,36,105,6,6,153
"March 13, 2023",2023-03-13,90,32,71,6,2,111
"March 14, 2023",2023-03-14,91,36,64,4,5,109
"March 15, 2023",2023-03-15,114,42,85,8,3,138
"March 16, 2023",2023-03-16,91,40,69,2,5,116
"March 17, 2023",2023-03-17,114,40,84,5,6,135
"March 18, 2023",2023-03-18,131,54,100,12,2,168
"March 19, 2023",2023-03-19,125,46,100,5,5,156
"March 20, 2023",2023-03-20,101,45,69,11,3,128
"March 21, 2023",2023-03-21,100,38,79,9,2,128
"March 22, 2023",2023-03-22,94,34,73,7,1,115
"March 23, 2023",2023-03-23,100,34,88,9,2,133
"March 24, 2023",2023-03-24,112,45,86,13,3,147
"March 25, 2023",2023-03-25,139,56,122,8,8,194
"March 26, 2023",2023-03-26,147,57,121,10,12,200
"March 27, 2023",2023-03-27,122,46,98,5,9,158
"March 28, 2023",2023-03-28,114,37,88,7,3,135
"March 29, 2023",2023-03-29,99,32,74,9,10,125
"March 30, 2023",2023-03-30,114,49,82,7,12,150
"March 31, 2023",2023-03-31,107,31,87,6,2,126
"April 1, 2023",2023-04-01,151,61,109,12,7,189
"April 2, 2023",2023-04-02,128,41,115,4,7,167
"April 3, 2023",2023-04-03,109,44,80,12,5,141
"April 4, 2023",2023-04-04,106,33,91,1,4,129
"April 5, 2023",2023-04-05,112,46,76,9,8,139
"April 6, 2023",2023-04-06,111,34,83,11,8,136
"April 7, 2023",2023-04-07,134,54,94,10,5,163
"April 8, 2023",2023-04-08,152,58,116,10,7,191
"April 9, 2023",2023-04-09,161,63,127,10,8,208
"April 10, 2023",2023-04-10,136,52,102,11,5,170
"April 11, 2023",2023-04-11,106,41,71,6,6,124
"April 12, 2023",2023-04-12,115,35,102,8,11,156
"April 13, 2023",2023-04-13,144,40,118,7,9,174
"April 14, 2023",2023-04-14,143,51,119,6,3,179
"April 15, 2023",2023-04-15,163,76,175,5,8,264
"April 16, 2023",2023-04-16,148,52,124,7,4,187
"April 17, 2023",2023-04-17,102,38,74,5,7,124
"April 18, 2023",2023-04-18,116,48,88,13,7,156
"April 19, 2023",2023-04-19,88,31,66,9,3,109
"April 20, 2023",2023-04-20,98,32,75,4,8,119
"April 21, 2023",2023-04-21,119,44,91,6,5,146
"April 22, 2023",2023-04-22,129,58,97,9,8,172
"April 23, 2023",2023-04-23,160,63,126,8,3,200
"April 24, 2023",2023-04-24,116,39,89,10,6,144
"April 25, 2023",2023-04-25,105,37,82,6,2,127
"April 26, 2023",2023-04-26,82,26,57,6,3,92
"April 27, 2023",2023-04-27,102,39,79,11,3,132
"April 28, 2023",2023-04-28,109,35,94,6,6,141
"April 29, 2023",2023-04-29,159,54,147,11,3,215
"April 30, 2023",2023-04-30,151,71,140,7,7,225
"May 1, 2023",2023-05-01,109,33,77,8,10,128
"May 2, 2023",2023-05-02,122,32,111,5,8,156
"May 3, 2023",2023-05-03,113,48,67,8,5,128
"May 4, 2023",2023-05-04,100,25,83,9,5,122
"May 5, 2023",2023-05-05,133,58,96,12,6,172
"May 6, 2023",2023-05-06,176,75,164,10,8,257
"May 7, 2023",2023-05-07,145,59,142,7,10,218
"May 8, 2023",2023-05-08,113,37,89,8,5,139
"May 9, 2023",2023-05-09,141,42,108,3,11,164
"May 10, 2023",2023-05-10,120,49,84,6,10,149
"May 11, 2023",2023-05-11,131,51,97,10,6,164
"May 12, 2023",2023-05-12,138,57,91,10,9,167
"May 13, 2023",2023-05-13,189,70,159,8,7,244
"May 14, 2023",2023-05-14,174,63,164,6,3,236
"May 15, 2023",2023-05-15,105,44,79,5,3,131
"May 16, 2023",2023-05-16,116,36,89,13,2,140
"May 17, 2023",2023-05-17,115,30,95,6,6,137
"May 18, 2023",2023-05-18,126,61,77,6,9,153
"May 19, 2023",2023-05-19,124,46,81,16,10,153
"May 20, 2023",2023-05-20,170,46,160,11,7,224
"May 21, 2023",2023-05-21,162,56,162,4,5,227
"May 22, 2023",2023-05-22,122,44,99,9,4,156
"May 23, 2023",2023-05-23,140,47,118,9,2,176
"May 24, 2023",2023-05-24,119,39,93,9,5,146
"May 25, 2023",2023-05-25,118,31,92,9,9,141
"May 26, 2023",2023-05-26,136,49,131,5,3,188
"May 27, 2023",2023-05-27,162,60,140,8,7,215
"May 28, 2023",2023-05-28,182,51,188,7,3,249
"May 29, 2023",2023-05-29,180,76,162,5,5,248
"May 30, 2023",2023-05-30,125,40,101,5,8,154
"May 31, 2023",2023-05-31,130,46,108,12,5,171
"June 1, 2023",2023-06-01,126,40,101,11,6,158
"June 2, 2023",2023-06-02,119,31,98,3,6,138
"June 3, 2023",2023-06-03,170,51,142,7,9,209
"June 4, 2023",2023-06-04,187,61,172,16,5,254
"June 5, 2023",2023-06-05,126,45,100,1,6,152
"June 6, 2023",2023-06-06,118,37,104,5,2,148
"June 7, 2023",2023-06-07,128,40,102,6,6,154
"June 8, 2023",2023-06-08,104,35,89,4,8,136
"June 9, 2023",2023-06-09,152,54,128,11,5,198
"June 10, 2023",2023-06-10,161,65,134,12,7,218
"June 11, 2023",2023-06-11,181,66,187,10,3,266
"June 12, 2023",2023-06-12,104,32,84,5,3,124
"June 13, 2023",2023-06-13,119,36,108,3,5,152
"June 14, 2023",2023-06-14,108,43,81,5,4,133
"June 15, 2023",2023-06-15,116,47,98,4,5,154
"June 16, 2023",2023-06-16,118,48,95,6,9,158
"June 17, 2023",2023-06-17,178,59,178,9,7,253
"June 18, 2023",2023-06-18,192,75,203,13,5,296
"June 19, 2023",2023-06-19,161,62,145,9,6,222
"June 20, 2023",2023-06-20,125,54,97,8,5,164
"June 21, 2023",2023-06-21,103,33,86,5,10,134
"June 22, 2023",2023-06-22,138,46,106,12,3,167
"June 23, 2023",2023-06-23,123,41,86,6,6,139
"June 24, 2023",2023-06-24,147,60,127,9,6,202
"June 25, 2023",2023-06-25,187,87,144,5,6,242
"June 26, 2023",2023-06-26,116,43,94,8,2,147
"June 27, 2023",2023-06-27,130,45,90,5,5,145
"June 28, 2023",2023-06-28,118,44,71,13,8,136
"June 29, 2023",2023-06-29,137,52,103,9,5,169
"June 30, 2023",2023-06-30,133,46,101,7,4,158
"July 1, 2023",2023-07-01,157,60,135,8,3,206
"July 2, 2023",2023-07-02,164,55,175,5,6,241
"July 3, 2023",2023-07-03,160,78,141,14,7,240
"July 4, 2023",2023-07-04,229,66,228,8,6,308
"July 5, 2023",2023-07-05,208,61,215,9,5,290
"July 6, 2023",2023-07-06,98,32,73,7,3,115
"July 7, 2023",2023-07-07,146,41,127,7,5,180
"July 8, 2023",2023-07-08,142,62,100,9,6,177
"July 9, 2023",2023-07-09,158,54,146,13,5,218
"July 10, 2023",2023-07-10,126,45,90,2,5,142
"July 11, 2023",2023-07-11,119,40,98,12,2,152
"July 12, 2023",2023-07-12,121,48,98,5,6,157
"July 13, 2023",2023-07-13,111,45,88,8,3,144
"July 14, 2023",2023-07-14,136,48,110,8,3,169
"July 15, 2023",2023-07-15,158,62,136,5,7,210
"July 16, 2023",2023-07-16,161,47,141,9,6,203
"July 17, 2023",2023-07-17,136,47,107,11,5,170
"July 18, 2023",2023-07-18,107,42,79,1,10,132
"July 19, 2023",2023-07-19,122,34,101,10,2,147
"July 20, 2023",2023-07-20,129,50,90,9,5,154
"July 21, 2023",2023-07-21,116,49,78,9,7,143
"July 22, 2023",2023-07-22,148,57,143,5,8,213
"July 23, 2023",2023-07-23,161,54,151,10,5,220
"July 24, 2023",2023-07-24,122,45,95,8,6,154
"July 25, 2023",2023-07-25,124,38,95,8,5,146
"July 26, 2023",2023-07-26,113,29,89,10,4,132
"July 27, 2023",2023-07-27,122,46,87,7,12,152
"July 28, 2023",2023-07-28,134,44,118,3,6,171
"July 29, 2023",2023-07-29,146,50,112,10,8,180
"July 30, 2023",2023-07-30,169,67,165,8,6,246
"July 31, 2023",2023-07-31,125,39,112,9,5,165
"August 1, 2023",2023-08-01,119,39,94,2,9,144
"August 2, 2023",2023-08-02,97,35,72,9,5,121
"August 3, 2023",2023-08-03,133,51,95,10,2,158
"August 4, 2023",2023-08-04,130,52,87,8,1,148
"August 5, 2023",2023-08-05,142,53,118,9,9,189
"August 6, 2023",2023-08-06,153,61,124,5,8,198
"August 7, 2023",2023-08-07,109,40,65,8,5,118
"August 8, 2023",2023-08-08,131,47,97,15,4,163
"August 9, 2023",2023-08-09,99,39,69,8,8,124
"August 10, 2023",2023-08-10,106,36,80,7,9,132
"August 11, 2023",2023-08-11,123,51,96,13,6,166
"August 12, 2023",2023-08-12,154,48,127,10,10,195
"August 13, 2023",2023-08-13,125,41,132,6,4,183
"August 14, 2023",2023-08-14,106,35,84,9,1,129
"August 15, 2023",2023-08-15,97,36,64,11,5,116
"August 16, 2023",2023-08-16,100,41,78,10,2,131
"August 17, 2023",2023-08-17,106,36,85,4,5,130
"August 18, 2023",2023-08-18,130,41,108,8,5,162
"August 19, 2023",2023-08-19,179,67,162,5,6,240
"August 20, 2023",2023-08-20,190,66,174,9,7,256
"August 21, 2023",2023-08-21,106,49,73,2,2,126
"August 22, 2023",2023-08-22,104,39,70,9,11,129
"August 23, 2023",2023-08-23,116,36,95,10,4,145
"August 24, 2023",2023-08-24,92,39,68,4,5,116
"August 25, 2023",2023-08-25,121,36,106,13,6,161
"August 26, 2023",2023-08-26,161,59,146,11,15,231
"August 27, 2023",2023-08-27,161,67,151,10,5,233
"August 28, 2023",2023-08-28,129,52,85,7,8,152
"August 29, 2023",2023-08-29,103,28,86,5,7,126
"August 30, 2023",2023-08-30,115,50,87,13,8,158
"August 31, 2023",2023-08-31,96,46,78,5,4,133
"September 1, 2023",2023-09-01,129,44,97,7,6,154
"September 2, 2023",2023-09-02,152,72,98,8,3,181
"September 3, 2023",2023-09-03,137,59,122,5,3,189
"September 4, 2023",2023-09-04,143,56,114,13,7,190
"September 5, 2023",2023-09-05,94,33,70,9,7,119
"September 6, 2023",2023-09-06,86,34,65,7,4,110
"September 7, 2023",2023-09-07,115,48,72,13,5,138
"September 8, 2023",2023-09-08,94,35,65,7,2,109
"September 9, 2023",2023-09-09,155,59,124,8,4,195
"September 10, 2023",2023-09-10,139,62,112,5,6,185
"September 11, 2023",2023-09-11,89,28,70,8,1,107
"September 12, 2023",2023-09-12,110,49,68,11,3,131
"September 13, 2023",2023-09-13,98,39,71,7,2,119
"September 14, 2023",2023-09-14,101,30,76,8,6,120
"September 15, 2023",2023-09-15,115,51,87,6,6,150
"September 16, 2023",2023-09-16,144,62,111,4,5,182
"September 17, 2023",2023-09-17,139,48,114,10,6,178
"September 18, 2023",2023-09-18,103,40,79,4,1,124
"September 19, 2023",2023-09-19,117,34,86,4,12,136
"September 20, 2023",2023-09-20,111,31,86,8,7,132
"September 21, 2023",2023-09-21,96,31,69,6,6,112
"September 22, 2023",2023-09-22,103,37,84,6,7,134
"September 23, 2023",2023-09-23,147,59,123,14,4,200
"September 24, 2023",2023-09-24,145,60,111,6,3,180
"September 25, 2023",2023-09-25,92,38,64,7,7,116
"September 26, 2023",2023-09-26,85,31,52,7,2,92
"September 27, 2023",2023-09-27,98,32,75,4,16,127
"September 28, 2023",2023-09-28,108,37,75,5,4,121
"September 29, 2023",2023-09-29,124,49,95,9,4,157
"September 30, 2023",2023-09-30,154,54,116,9,7,186
"October 1, 2023",2023-10-01,160,59,140,8,7,214
"October 2, 2023",2023-10-02,93,33,81,3,1,118
"October 3, 2023",2023-10-03,117,38,91,7,5,141
"October 4, 2023",2023-10-04,99,30,82,7,7,126
"October 5, 2023",2023-10-05,81,34,53,9,6,102
"October 6, 2023",2023-10-06,103,41,95,5,1,142
"October 7, 2023",2023-10-07,132,43,127,6,4,180
"October 8, 2023",2023-10-08,127,43,111,6,8,168
"October 9, 2023",2023-10-09,112,37,76,9,5,127
"October 10, 2023",2023-10-10,89,24,73,7,2,106
"October 11, 2023",2023-10-11,99,33,65,6,10,114
"October 12, 2023",2023-10-12,99,33,76,11,6,126
"October 13, 2023",2023-10-13,104,37,82,4,5,128
"October 14, 2023",2023-10-14,128,55,100,9,3,167
"October 15, 2023",2023-10-15,131,57,102,4,3,166
"October 16, 2023",2023-10-16,98,48,66,12,3,129
"October 17, 2023",2023-10-17,89,31,65,2,5,103
"October 18, 2023",2023-10-18,106,45,72,6,5,128
"October 19, 2023",2023-10-19,113,35,99,5,7,146
"October 20, 2023",2023-10-20,99,32,76,9,8,125
"October 21, 2023",2023-10-21,137,52,132,4,5,193
"October 22, 2023",2023-10-22,161,59,125,6,6,196
"October 23, 2023",2023-10-23,111,35,88,7,2,132
"October 24, 2023",2023-10-24,89,29,73,7,2,111
"October 25, 2023",2023-10-25,98,53,76,8,5,142
"October 26, 2023",2023-10-26,101,39,78,9,8,134
"October 27, 2023",2023-10-27,125,42,102,6,8,158
"October 28, 2023",2023-10-28,143,71,119,6,8,204
"October 29, 2023",2023-10-29,168,66,195,8,5,274
"October 30, 2023",2023-10-30,94,32,67,7,6,112
"October 31, 2023",2023-10-31,100,41,71,9,4,125
"November 1, 2023",2023-11-01,106,40,75,9,6,130
"November 2, 2023",2023-11-02,75,20,56,3,7,86
"November 3, 2023",2023-11-03,119,38,94,11,3,146
"November 4, 2023",2023-11-04,148,62,114,7,2,185
"November 5, 2023",2023-11-05,141,36,144,6,7,193
"November 6, 2023",2023-11-06,90,42,54,9,4,109
"November 7, 2023",2023-11-07,101,44,66,12,6,128
"November 8, 2023",2023-11-08,77,25,59,6,1,91
"November 9, 2023",2023-11-09,107,33,75,5,7,120
"November 10, 2023",2023-11-10,111,42,85,2,4,133
"November 11, 2023",2023-11-11,117,45,88,8,4,145
"November 12, 2023",2023-11-12,124,52,96,5,7,160
"November 13, 2023",2023-11-13,108,47,80,9,2,138
"November 14, 2023",2023-11-14,100,37,77,7,7,128
"November 15, 2023",2023-11-15,83,32,58,8,4,102
"November 16, 2023",2023-11-16,101,43,73,14,4,134
"November 17, 2023",2023-11-17,96,31,70,7,2,110
"November 18, 2023",2023-11-18,119,48,100,6,4,158
"November 19, 2023",2023-11-19,121,48,86,12,5,151
"November 20, 2023",2023-11-20,94,40,65,10,6,121
"November 21, 2023",2023-11-21,98,46,68,11,5,130
"November 22, 2023",2023-11-22,94,52,57,3,1,113
"November 23, 2023",2023-11-23,111,36,92,7,4,139
"November 24, 2023",2023-11-24,102,30,82,7,2,121
"November 25, 2023",2023-11-25,117,45,102,6,3,156
"November 26, 2023",2023-11-26,127,61,82,7,5,155
"November 27, 2023",2023-11-27,108,50,70,8,5,133
"November 28, 2023",2023-11-28,96,42,57,11,5,115
"November 29, 2023",2023-11-29,89,35,60,7,6,108
"November 30, 2023",2023-11-30,101,36,78,4,2,120
"December 1, 2023",2023-12-01,104,39,75,15,4,133
"December 2, 2023",2023-12-02,126,47,103,6,4,160
"December 3, 2023",2023-12-03,154,75,107,18,5,205
"December 4, 2023",2023-12-04,88,27,73,7,3,110
"December 5, 2023",2023-12-05,88,36,68,7,3,114
"December 6, 2023",2023-12-06,97,43,61,12,13,129
"December 7, 2023",2023-12-07,81,26,59,5,2,92
"December 8, 2023",2023-12-08,106,42,72,8,3,125
"December 9, 2023",2023-12-09,122,43,90,4,8,145
"December 10, 2023",2023-12-10,105,38,79,8,3,128
"December 11, 2023",2023-12-11,76,31,51,6,4,92
"December 12, 2023",2023-12-12,79,34,48,13,3,98
"December 13, 2023",2023-12-13,88,31,69,4,1,105
"December 14, 2023",2023-12-14,101,40,72,8,3,123
"December 15, 2023",2023-12-15,103,39,84,5,7,135
"December 16, 2023",2023-12-16,114,29,101,6,6,142
"December 17, 2023",2023-12-17,120,39,98,14,3,154
"December 18, 2023",2023-12-18,97,47,61,9,3,120
"December 19, 2023",2023-12-19,91,34,63,6,3,106
"December 20, 2023",2023-12-20,116,53,74,11,7,145
"December 21, 2023",2023-12-21,91,34,68,7,3,112
"December 22, 2023",2023-12-22,103,32,85,7,7,131
"December 23, 2023",2023-12-23,130,44,111,7,9,171
"December 24, 2023",2023-12-24,139,63,105,9,8,185
"December 25, 2023",2023-12-25,101,37,70,4,8,119
"December 26, 2023",2023-12-26,103,37,63,9,6,115
"December 27, 2023",2023-12-27,95,39,60,11,6,116
"December 28, 2023",2023-12-28,80,37,43,10,5,95
"December 29, 2023",2023-12-29,122,44,90,9,5,148
"December 30, 2023",2023-12-30,147,58,111,3,8,180
"December 31, 2023",2023-12-31,138,57,108,6,4,175
"January 1, 2024",2024-01-01,217,89,170,8,5,272
"January 2, 2024",2024-01-02,91,38,64,5,8,115
"January 3, 2024",2024-01-03,89,26,70,7,5,108
"January 4, 2024",2024-01-04,74,25,66,6,3,100
"January 5, 2024",2024-01-05,85,32,57,7,4,100
"January 6, 2024",2024-01-06,87,42,57,6,3,108
"January 7, 2024",2024-01-07,115,53,70,11,7,141
"January 8, 2024",2024-01-08,82,29,55,7,4,95
"January 9, 2024",2024-01-09,92,37,44,14,10,105
"January 10, 2024",2024-01-10,61,21,40,5,4,70
"January 11, 2024",2024-01-11,103,32,80,11,6,129
"January 12, 2024",2024-01-12,97,32,56,8,11,107
"January 13, 2024",2024-01-13,115,58,66,9,6,139
"January 14, 2024",2024-01-14,115,51,88,13,5,157
"January 15, 2024",2024-01-15,79,30,55,5,2,92
"January 16, 2024",2024-01-16,80,28,62,1,4,95
"January 17, 2024",2024-01-17,86,39,63,9,3,114
"January 18, 2024",2024-01-18,87,30,65,6,3,104
"January 19, 2024",2024-01-19,82,36,59,3,4,102
"January 20, 2024",2024-01-20,79,33,62,5,5,105
"January 21, 2024",2024-01-21,117,50,86,11,9,156
"January 22, 2024",2024-01-22,69,28,45,5,3,81
"January 23, 2024",2024-01-23,74,32,52,8,4,96
"January 24, 2024",2024-01-24,103,41,67,15,6,129
"January 25, 2024",2024-01-25,125,50,90,9,6,155
"January 26, 2024",2024-01-26,97,40,69,7,4,120
"January 27, 2024",2024-01-27,115,48,84,6,8,146
"January 28, 2024",2024-01-28,135,55,96,7,9,167
"January 29, 2024",2024-01-29,102,43,67,7,3,120
"January 30, 2024",2024-01-30,98,35,67,9,6,117
"January 31, 2024",2024-01-31,96,39,77,7,5,128
"February 1, 2024",2024-02-01,92,38,59,6,3,106
"February 2, 2024",2024-02-02,87,29,55,10,6,100
"February 3, 2024",2024-02-03,130,46,96,11,3,156
"February 4, 2024",2024-02-04,111,34,88,8,8,138
"February 5, 2024",2024-02-05,100,45,62,8,6,121
"February 6, 2024",2024-02-06,98,23,74,9,5,111
"February 7, 2024",2024-02-07,76,25,58,7,6,96
"February 8, 2024",2024-02-08,92,33,60,4,9,106
"February 9, 2024",2024-02-09,112,36,83,7,11,137
"February 10, 2024",2024-02-10,122,41,100,7,2,150
"February 11, 2024",2024-02-11,135,49,119,10,7,185
"February 12, 2024",2024-02-12,85,37,55,10,4,106
"February 13, 2024",2024-02-13,87,36,60,6,4,106
"February 14, 2024",2024-02-14,105,49,99,2,7,157
"February 15, 2024",2024-02-15,87,40,58,7,5,110
"February 16, 2024",2024-02-16,107,47,75,4,3,129
"February 17, 2024",2024-02-17,93,38,65,9,4,116
"February 18, 2024",2024-02-18,110,41,100,8,4,153
"February 19, 2024",2024-02-19,108,25,95,7,5,132
"February 20, 2024",2024-02-20,89,32,57,7,5,101
"February 21, 2024",2024-02-21,93,32,66,2,3,103
"February 22, 2024",2024-02-22,90,29,62,8,0,99
"February 23, 2024",2024-02-23,87,28,65,7,2,102
"February 24, 2024",2024-02-24,118,39,101,11,6,157
"February 25, 2024",2024-02-25,116,45,100,4,5,154
"February 26, 2024",2024-02-26,110,33,82,8,6,129
"February 27, 2024",2024-02-27,81,23,62,5,6,96
"February 28, 2024",2024-02-28,91,34,71,6,4,115
"February 29, 2024",2024-02-29,93,41,60,6,6,113
"March 1, 2024",2024-03-01,87,24,68,9,1,102
"March 2, 2024",2024-03-02,128,43,99,10,11,163
"March 3, 2024",2024-03-03,116,44,103,13,7,167
"March 4, 2024",2024-03-04,106,38,80,3,4,125
"March 5, 2024",2024-03-05,89,45,48,3,7,103
"March 6, 2024",2024-03-06,78,27,64,6,1,98
"March 7, 2024",2024-03-07,91,37,58,7,5,107
"March 8, 2024",2024-03-08,93,36,61,13,4,114
"March 9, 2024",2024-03-09,110,36,82,6,8,132
"March 10, 2024",2024-03-10,104,43,98,11,3,155
"March 11, 2024",2024-03-11,85,36,57,9,4,106
"March 12, 2024",2024-03-12,97,42,72,5,2,121
"March 13, 2024",2024-03-13,110,44,75,8,7,134
"March 14, 2024",2024-03-14,85,35,54,5,8,102
"March 15, 2024",2024-03-15,98,42,67,5,8,122
"March 16, 2024",2024-03-16,155,54,138,9,9,210
"March 17, 2024",2024-03-17,129,56,95,5,3,159
"March 18, 2024",2024-03-18,90,24,66,7,6,103
"March 19, 2024",2024-03-19,91,35,57,15,2,109
"March 20, 2024",2024-03-20,89,26,61,7,5,99
"March 21, 2024",2024-03-21,95,41,57,12,9,119
"March 22, 2024",2024-03-22,85,32,64,5,2,103
"March 23, 2024",2024-03-23,121,52,87,11,5,155
"March 24, 2024",2024-03-24,115,41,86,8,6,141
"March 25, 2024",2024-03-25,85,29,66,5,1,101
"March 26, 2024",2024-03-26,77,30,52,6,4,92
"March 27, 2024",2024-03-27,93,29,68,9,8,114
"March 28, 2024",2024-03-28,95,37,67,3,7,114
"March 29, 2024",2024-03-29,108,42,89,7,5,143
"March 30, 2024",2024-03-30,108,36,87,6,7,136
"March 31, 2024",2024-03-31,140,47,147,10,8,212
"April 1, 2024",2024-04-01,109,48,82,11,4,145
"April 2, 2024",2024-04-02,98,36,70,9,4,119
"April 3, 2024",2024-04-03,92,32,66,5,5,108
"April 4, 2024",2024-04-04,92,27,66,7,9,109
"April 5, 2024",2024-04-05,88,34,69,4,5,112
"April 6, 2024",2024-04-06,109,39,82,6,8,135
"April 7, 2024",2024-04-07,123,41,113,4,4,162
"April 8, 2024",2024-04-08,88,33,65,7,7,112
"April 9, 2024",2024-04-09,102,29,79,13,3,124
"April 10, 2024",2024-04-10,113,41,83,9,9,142
"April 11, 2024",2024-04-11,93,42,60,10,5,117
"April 12, 2024",2024-04-12,109,51,73,10,7,141
"April 13, 2024",2024-04-13,155,58,147,9,3,217
"April 14, 2024",2024-04-14,148,51,156,7,6,220
"April 15, 2024",2024-04-15,98,39,66,4,6,115
"April 16, 2024",2024-04-16,111,36,87,10,10,143
"April 17, 2024",2024-04-17,88,28,59,13,3,103
"April 18, 2024",2024-04-18,93,33,59,11,5,108
"April 19, 2024",2024-04-19,115,47,86,4,4,141
"April 20, 2024",2024-04-20,113,42,89,11,7,149
"April 21, 2024",2024-04-21,109,41,82,6,6,135
"April 22, 2024",2024-04-22,72,31,52,3,5,91
"April 23, 2024",2024-04-23,89,34,66,3,3,106
"April 24, 2024",2024-04-24,98,31,71,7,4,113
"April 25, 2024",2024-04-25,84,23,65,8,7,103
"April 26, 2024",2024-04-26,120,36,94,7,5,142
"April 27, 2024",2024-04-27,131,52,119,8,6,185
"April 28, 2024",2024-04-28,135,50,114,5,5,174
"April 29, 2024",2024-04-29,107,46,84,10,4,144
"April 30, 2024",2024-04-30,113,33,93,10,4,140
"May 1, 2024",2024-05-01,100,43,74,10,2,129
"May 2, 2024",2024-05-02,91,32,69,12,5,118
"May 3, 2024",2024-05-03,125,37,105,9,4,155
"May 4, 2024",2024-05-04,146,53,122,6,13,194
"May 5, 2024",2024-05-05,173,66,151,7,7,231
"May 6, 2024",2024-05-06,110,37,80,5,5,127
"May 7, 2024",2024-05-07,97,26,75,9,4,114
"May 8, 2024",2024-05-08,99,35,74,8,5,122
"May 9, 2024",2024-05-09,90,30,74,6,7,117
"May 10, 2024",2024-05-10,105,32,77,10,2,121
"May 11, 2024",2024-05-11,138,56,126,9,11,202
"May 12, 2024",2024-05-12,123,51,117,9,6,183
"May 13, 2024",2024-05-13,106,36,73,9,5,123
"May 14, 2024",2024-05-14,106,31,81,10,4,126
"May 15, 2024",2024-05-15,95,37,64,10,2,113
"May 16, 2024",2024-05-16,92,41,58,9,4,112
"May 17, 2024",2024-05-17,102,38,78,6,4,126
"May 18, 2024",2024-05-18,166,70,158,10,10,248
"May 19, 2024",2024-05-19,152,50,133,9,5,197
"May 20, 2024",2024-05-20,95,35,72,7,7,121
"May 21, 2024",2024-05-21,112,38,83,9,4,134
"May 22, 2024",2024-05-22,111,34,96,6,7,143
"May 23, 2024",2024-05-23,98,40,72,10,8,130
"May 24, 2024",2024-05-24,116,45,85,8,6,144
"May 25, 2024",2024-05-25,123,45,112,5,3,165
"May 26, 2024",2024-05-26,187,71,155,13,5,244
"May 27, 2024",2024-05-27,121,40,112,8,6,166
"May 28, 2024",2024-05-28,134,48,103,8,3,162
"May 29, 2024",2024-05-29,113,28,96,7,7,138
"May 30, 2024",2024-05-30,106,44,92,11,6,153
"May 31, 2024",2024-05-31,124,34,105,5,12,156
"June 1, 2024",2024-06-01,143,64,128,6,12,210
"June 2, 2024",2024-06-02,148,53,168,9,8,238
"June 3, 2024",2024-06-03,111,53,79,6,7,145
"June 4, 2024",2024-06-04,115,50,75,15,5,145
"June 5, 2024",2024-06-05,102,47,65,4,10,126
"June 6, 2024",2024-06-06,89,31,68,5,3,107
"June 7, 2024",2024-06-07,119,45,113,8,2,168
"June 8, 2024",2024-06-08,150,57,120,13,6,196
"June 9, 2024",2024-06-09,170,54,163,7,6,230
"June 10, 2024",2024-06-10,115,34,95,6,7,142
"June 11, 2024",2024-06-11,105,27,82,12,8,129
"June 12, 2024",2024-06-12,97,34,75,7,3,119
"June 13, 2024",2024-06-13,93,31,70,9,3,113
"June 14, 2024",2024-06-14,100,34,97,3,2,136
"June 15, 2024",2024-06-15,144,40,152,14,6,212
"June 16, 2024",2024-06-16,145,37,143,8,5,193
"June 17, 2024",2024-06-17,130,38,120,4,4,166
"June 18, 2024",2024-06-18,124,50,78,8,6,142
"June 19, 2024",2024-06-19,89,29,83,9,7,128
"June 20, 2024",2024-06-20,102,43,65,7,6,121
"June 21, 2024",2024-06-21,95,41,89,6,4,140
"June 22, 2024",2024-06-22,125,50,109,5,6,170
"June 23, 2024",2024-06-23,157,59,165,7,11,242
"June 24, 2024",2024-06-24,124,51,104,11,3,169
"June 25, 2024",2024-06-25,111,44,73,6,5,128
"June 26, 2024",2024-06-26,107,46,83,8,8,145
"June 27, 2024",2024-06-27,97,38,62,11,2,113
"June 28, 2024",2024-06-28,114,35,92,13,4,144
"June 29, 2024",2024-06-29,148,54,111,16,10,191
"June 30, 2024",2024-06-30,133,47,116,10,4,177
"July 1, 2024",2024-07-01,113,44,85,9,2,140
"July 2, 2024",2024-07-02,105,42,63,12,5,122
"July 3, 2024",2024-07-03,100,42,66,4,2,114
"July 4, 2024",2024-07-04,185,68,184,8,10,270
"July 5, 2024",2024-07-05,187,56,199,10,4,269
"July 6, 2024",2024-07-06,120,52,94,7,3,156
"July 7, 2024",2024-07-07,137,58,145,6,3,212
"July 8, 2024",2024-07-08,109,36,91,7,8,142
"July 9, 2024",2024-07-09,115,37,86,6,8,137
"July 10, 2024",2024-07-10,115,37,90,10,3,140
"July 11, 2024",2024-07-11,93,26,69,10,5,110
"July 12, 2024",2024-07-12,110,36,96,10,3,145
"July 13, 2024",2024-07-13,122,44,124,7,3,178
"July 14, 2024",2024-07-14,141,47,127,4,5,183
"July 15, 2024",2024-07-15,96,37,72,5,2,116
"July 16, 2024",2024-07-16,102,36,68,9,5,118
"July 17, 2024",2024-07-17,97,35,71,5,7,118
"July 18, 2024",2024-07-18,102,45,73,9,2,129
"July 19, 2024",2024-07-19,86,35,61,7,5,108
"July 20, 2024",2024-07-20,127,48,100,8,5,161
"July 21, 2024",2024-07-21,140,58,129,15,6,208
"July 22, 2024",2024-07-22,106,31,101,5,5,142
"July 23, 2024",2024-07-23,100,32,84,3,4,123
"July 24, 2024",2024-07-24,109,41,84,7,4,136
"July 25, 2024",2024-07-25,96,36,66,7,4,113
"July 26, 2024",2024-07-26,103,34,80,3,5,122
"July 27, 2024",2024-07-27,139,49,110,6,8,173
"July 28, 2024",2024-07-28,133,58,132,8,1,199
"July 29, 2024",2024-07-29,103,32,82,5,7,126
"July 30, 2024",2024-07-30,109,35,86,9,6,136
"July 31, 2024",2024-07-31,82,24,61,7,2,94
"August 1, 2024",2024-08-01,88,27,68,8,3,106
"August 2, 2024",2024-08-02,97,31,76,11,7,125
"August 3, 2024",2024-08-03,126,40,110,6,6,162
"August 4, 2024",2024-08-04,142,50,132,10,6,198
"August 5, 2024",2024-08-05,100,36,81,7,4,128
"August 6, 2024",2024-08-06,89,34,67,5,2,108
"August 7, 2024",2024-08-07,108,31,85,8,4,128
"August 8, 2024",2024-08-08,96,36,59,17,6,118
"August 9, 2024",2024-08-09,106,41,86,9,7,143
"August 10, 2024",2024-08-10,123,43,114,5,5,167
"August 11, 2024",2024-08-11,137,50,108,9,9,176
"August 12, 2024",2024-08-12,80,33,60,8,3,104
"August 13, 2024",2024-08-13,79,35,50,9,2,96
"August 14, 2024",2024-08-14,83,23,67,8,4,102
"August 15, 2024",2024-08-15,91,32,61,3,4,100
"August 16, 2024",2024-08-16,90,29,70,6,9,114
"August 17, 2024",2024-08-17,144,63,118,7,4,192
"August 18, 2024",2024-08-18,150,57,142,7,5,211
"August 19, 2024",2024-08-19,90,37,65,3,5,110
"August 20, 2024",2024-08-20,102,40,82,5,9,136
"August 21, 2024",2024-08-21,97,33,77,8,3,121
"August 22, 2024",2024-08-22,89,27,71,6,2,106
"August 23, 2024",2024-08-23,90,36,57,7,7,107
"August 24, 2024",2024-08-24,147,56,106,10,8,180
"August 25, 2024",2024-08-25,131,56,129,7,3,195
"August 26, 2024",2024-08-26,101,42,67,10,3,122
"August 27, 2024",2024-08-27,84,35,53,7,6,101
"August 28, 2024",2024-08-28,91,31,63,6,7,107
"August 29, 2024",2024-08-29,95,48,60,14,3,125
"August 30, 2024",2024-08-30,92,29,75,7,2,113
"August 31, 2024",2024-08-31,128,53,96,5,9,163
"September 1, 2024",2024-09-01,157,52,139,8,7,206
"September 2, 2024",2024-09-02,133,58,119,5,6,188
"September 3, 2024",2024-09-03,100,29,86,5,2,122
"September 4, 2024",2024-09-04,105,41,73,10,5,129
"September 5, 2024",2024-09-05,86,22,71,6,5,104
"September 6, 2024",2024-09-06,103,35,79,5,5,124
"September 7, 2024",2024-09-07,124,38,106,12,8,164
"September 8, 2024",2024-09-08,115,44,88,1,7,140
"September 9, 2024",2024-09-09,86,33,55,7,2,97
"September 10, 2024",2024-09-10,92,33,59,12,0,104
"September 11, 2024",2024-09-11,96,36,61,5,3,105
"September 12, 2024",2024-09-12,85,29,62,10,5,106
"September 13, 2024",2024-09-13,103,43,72,10,3,128
"September 14, 2024",2024-09-14,145,57,133,4,6,200
"September 15, 2024",2024-09-15,146,63,120,9,9,201
"September 16, 2024",2024-09-16,105,41,73,13,5,132
"September 17, 2024",2024-09-17,100,31,77,5,5,118
"September 18, 2024",2024-09-18,105,45,69,9,7,130
"September 19, 2024",2024-09-19,89,36,60,5,5,106
"September 20, 2024",2024-09-20,105,29,88,7,1,125
"September 21, 2024",2024-09-21,152,61,152,6,3,222
"September 22, 2024",2024-09-22,114,42,93,7,1,143
"September 23, 2024",2024-09-23,96,29,75,7,6,117
"September 24, 2024",2024-09-24,81,19,60,12,5,96
"September 25, 2024",2024-09-25,77,25,60,5,4,94
"September 26, 2024",2024-09-26,75,27,49,6,4,86
"September 27, 2024",2024-09-27,101,30,92,8,2,132
"September 28, 2024",2024-09-28,116,42,85,8,5,140
"September 29, 2024",2024-09-29,120,39,101,5,1,146
"September 30, 2024",2024-09-30,106,28,93,2,5,128
"October 1, 2024",2024-10-01,77,28,50,6,6,90
"October 2, 2024",2024-10-02,95,33,68,5,6,112
"October 3, 2024",2024-10-03,92,38,62,7,7,114
"October 4, 2024",2024-10-04,110,50,67,12,4,133
"October 5, 2024",2024-10-05,144,56,114,6,6,182
"October 6, 2024",2024-10-06,149,53,124,17,1,195
"October 7, 2024",2024-10-07,102,32,69,9,8,118
"October 8, 2024",2024-10-08,80,22,59,7,6,94
"October 9, 2024",2024-10-09,76,29,52,5,3,89
"October 10, 2024",2024-10-10,86,27,64,10,5,106
"October 11, 2024",2024-10-11,107,42,81,3,6,132
"October 12, 2024",2024-10-12,160,62,159,5,7,233
"October 13, 2024",2024-10-13,125,50,91,5,3,149
"October 14, 2024",2024-10-14,91,34,63,6,6,109
"October 15, 2024",2024-10-15,78,24,57,12,5,98
"October 16, 2024",2024-10-16,76,31,46,6,2,85
"October 17, 2024",2024-10-17,75,27,52,7,3,89
"October 18, 2024",2024-10-18,79,26,61,5,4,96
"October 19, 2024",2024-10-19,117,49,103,7,7,166
"October 20, 2024",2024-10-20,151,63,126,8,4,201
"October 21, 2024",2024-10-21,108,47,77,6,7,137
"October 22, 2024",2024-10-22,73,26,50,7,0,83
"October 23, 2024",2024-10-23,80,27,57,6,5,95
"October 24, 2024",2024-10-24,83,28,59,4,7,98
"October 25, 2024",2024-10-25,99,36,58,11,3,108
"October 26, 2024",2024-10-26,130,55,109,3,4,171
"October 27, 2024",2024-10-27,142,59,131,4,6,200
"October 28, 2024",2024-10-28,90,25,74,8,6,113
"October 29, 2024",2024-10-29,87,25,72,2,4,103
"October 30, 2024",2024-10-30,107,44,74,6,6,130
"October 31, 2024",2024-10-31,101,29,85,2,8,124
"November 1, 2024",2024-11-01,110,38,111,6,6,161
"November 2, 2024",2024-11-02,116,41,91,5,8,145
"November 3, 2024",2024-11-03,132,35,117,5,11,168
"November 4, 2024",2024-11-04,95,32,65,5,10,112
"November 5, 2024",2024-11-05,81,33,56,9,2,100
"November 6, 2024",2024-11-06,87,24,82,4,4,114
"November 7, 2024",2024-11-07,83,44,50,8,4,106
"November 8, 2024",2024-11-08,103,35,88,6,5,134
"November 9, 2024",2024-11-09,132,62,89,6,6,163
"November 10, 2024",2024-11-10,128,51,107,11,10,179
"November 11, 2024",2024-11-11,77,22,58,5,4,89
"November 12, 2024",2024-11-12,86,27,69,2,6,104
"November 13, 2024",2024-11-13,73,24,51,9,4,88
"November 14, 2024",2024-11-14,67,26,41,7,4,78
"November 15, 2024",2024-11-15,91,36,68,7,4,115
"November 16, 2024",2024-11-16,103,45,74,4,7,130
"November 17, 2024",2024-11-17,120,40,108,8,4,160
"November 18, 2024",2024-11-18,87,31,61,10,4,106
"November 19, 2024",2024-11-19,88,22,70,9,5,106
"November 20, 2024",2024-11-20,76,28,50,3,4,85
"November 21, 2024",2024-11-21,76,31,55,7,5,98
"November 22, 2024",2024-11-22,99,38,64,8,7,117
"November 23, 2024",2024-11-23,98,35,75,6,3,119
"November 24, 2024",2024-11-24,116,43,102,7,3,155
"November 25, 2024",2024-11-25,90,31,61,5,6,103
"November 26, 2024",2024-11-26,98,37,72,4,3,116
"November 27, 2024",2024-11-27,91,38,66,6,6,116
"November 28, 2024",2024-11-28,98,30,77,8,9,124
"November 29, 2024",2024-11-29,105,40,81,10,7,138
"November 30, 2024",2024-11-30,96,35,59,9,5,108
"December 1, 2024",2024-12-01,101,38,83,6,5,132
"December 2, 2024",2024-12-02,77,42,43,5,4,94
"December 3, 2024",2024-12-03,77,24,57,6,6,93
"December 4, 2024",2024-12-04,63,30,37,7,3,77
"December 5, 2024",2024-12-05,80,23,60,11,9,103
"December 6, 2024",2024-12-06,68,31,51,5,0,87
"December 7, 2024",2024-12-07,104,38,83,8,3,132
"December 8, 2024",2024-12-08,108,41,89,5,3,138
"December 9, 2024",2024-12-09,90,36,57,0,2,95
"December 10, 2024",2024-12-10,86,30,56,7,4,97
"December 11, 2024",2024-12-11,70,31,40,8,5,84
"December 12, 2024",2024-12-12,76,33,43,5,3,84
"December 13, 2024",2024-12-13,91,30,74,7,4,115
"December 14, 2024",2024-12-14,117,58,81,11,7,157
"December 15, 2024",2024-12-15,92,45,70,3,6,124
"December 16, 2024",2024-12-16,100,41,70,6,8,125
"December 17, 2024",2024-12-17,80,25,60,6,7,98
"December 18, 2024",2024-12-18,84,45,39,9,3,96
"December 19, 2024",2024-12-19,65,21,49,6,3,79
"December 20, 2024",2024-12-20,84,29,61,9,3,102
"December 21, 2024",2024-12-21,92,41,56,7,5,109
"December 22, 2024",2024-12-22,92,29,75,4,5,113
"December 23, 2024",2024-12-23,100,38,73,5,6,122
"December 24, 2024",2024-12-24,106,44,74,4,6,128
"December 25, 2024",2024-12-25,90,37,72,4,2,115
"December 26, 2024",2024-12-26,92,34,69,7,7,117
"December 27, 2024",2024-12-27,85,24,61,8,4,97
"December 28, 2024",2024-12-28,99,40,87,10,3,140
"December 29, 2024",2024-12-29,104,32,84,6,3,125
"December 30, 2024",2024-12-30,92,40,67,7,2,116
"December 31, 2024",2024-12-31,118,41,97,6,2,146
"January 1, 2025",2025-01-01,201,80,171,10,4,265
"January 2, 2025",2025-01-02,77,33,60,5,5,103
"January 3, 2025",2025-01-03,96,35,69,10,5,119
"January 4, 2025",2025-01-04,102,32,75,3,6,116
"January 5, 2025",2025-01-05,88,29,70,7,7,113
"January 6, 2025",2025-01-06,68,27,40,5,5,77
"January 7, 2025",2025-01-07,50,16,35,4,3,58
"January 8, 2025",2025-01-08,70,17,54,9,10,90
"January 9, 2025",2025-01-09,63,28,29,7,4,68
"January 10, 2025",2025-01-10,59,22,38,4,5,69
"January 11, 2025",2025-01-11,74,24,61,7,4,96
"January 12, 2025",2025-01-12,106,40,76,6,7,129
"January 13, 2025",2025-01-13,95,36,67,8,6,117
"January 14, 2025",2025-01-14,79,33,58,4,7,102
"January 15, 2025",2025-01-15,72,25,40,12,6,83
"January 16, 2025",2025-01-16,75,27,52,6,3,88
"January 17, 2025",2025-01-17,77,27,44,9,11,91
"January 18, 2025",2025-01-18,111,47,78,9,5,139
"January 19, 2025",2025-01-19,114,41,89,7,8,145
"January 20, 2025",2025-01-20,72,35,42,5,3,85
"January 21, 2025",2025-01-21,58,18,43,9,3,73
"January 22, 2025",2025-01-22,80,28,67,11,5,111
"January 23, 2025",2025-01-23,82,37,44,4,7,92
"January 24, 2025",2025-01-24,81,27,52,11,4,94
"January 25, 2025",2025-01-25,108,41,80,7,4,132
"January 26, 2025",2025-01-26,118,48,90,11,9,158
"January 27, 2025",2025-01-27,87,35,56,10,4,105
"January 28, 2025",2025-01-28,91,40,52,7,3,102
"January 29, 2025",2025-01-29,80,22,57,11,7,97
"January 30, 2025",2025-01-30,96,37,57,5,8,107
"January 31, 2025",2025-01-31,91,36,62,7,3,108
"February 1, 2025",2025-02-01,104,44,66,7,5,122
"February 2, 2025",2025-02-02,117,49,74,7,9,139
"February 3, 2025",2025-02-03,87,33,46,10,9,98
"February 4, 2025",2025-02-04,84,35,50,8,9,102
"February 5, 2025",2025-02-05,59,26,28,9,3,66
"February 6, 2025",2025-02-06,76,36,48,8,3,95
"February 7, 2025",2025-02-07,75,29,55,6,1,91
"February 8, 2025",2025-02-08,96,38,82,6,3,129
"February 9, 2025",2025-02-09,107,50,75,4,4,133
"February 10, 2025",2025-02-10,86,36,59,5,4,104
"February 11, 2025",2025-02-11,65,29,39,11,5,84
"February 12, 2025",2025-02-12,79,26,53,8,7,94
"February 13, 2025",2025-02-13,56,26,30,7,4,67
"February 14, 2025",2025-02-14,68,21,44,3,6,74
"February 15, 2025",2025-02-15,94,35,74,7,9,125
"February 16, 2025",2025-02-16,98,49,70,4,2,125
"February 17, 2025",2025-02-17,65,32,38,7,6,83
"February 18, 2025",2025-02-18,75,22,53,6,10,91
"February 19, 2025",2025-02-19,59,21,44,5,0,70
"February 20, 2025",2025-02-20,65,32,46,7,1,86
"February 21, 2025",2025-02-21,77,32,51,10,2,95
"February 22, 2025",2025-02-22,99,36,74,6,6,122
"February 23, 2025",2025-02-23,106,36,88,11,5,140
"February 24, 2025",2025-02-24,82,24,60,9,5,98
"February 25, 2025",2025-02-25,78,34,50,6,2,92
"February 26, 2025",2025-02-26,92,36,53,8,9,106
"February 27, 2025",2025-02-27,78,30,53,14,5,102
"February 28, 2025",2025-02-28,87,42,52,8,6,108
"March 1, 2025",2025-03-01,91,28,70,6,4,108
"March 2, 2025",2025-03-02,105,42,89,4,4,139
"March 3, 2025",2025-03-03,65,26,42,3,6,77
"March 4, 2025",2025-03-04,101,44,81,14,4,143
"March 5, 2025",2025-03-05,57,19,43,2,4,68
"March 6, 2025",2025-03-06,68,24,41,10,2,77
"March 7, 2025",2025-03-07,70,27,42,16,4,89
"March 8, 2025",2025-03-08,105,44,67,5,8,124
"March 9, 2025",2025-03-09,99,40,70,2,3,115
"March 10, 2025",2025-03-10,94,19,85,4,3,111
"March 11, 2025",2025-03-11,74,23,61,5,2,91
"March 12, 2025",2025-03-12,84,39,48,5,5,97
"March 13, 2025",2025-03-13,73,25,56,5,5,91
"March 14, 2025",2025-03-14,85,25,72,5,3,105
"March 15, 2025",2025-03-15,107,42,87,7,2,138
"March 16, 2025",2025-03-16,114,44,86,8,4,142
"March 17, 2025",2025-03-17,87,36,52,12,2,102
"March 18, 2025",2025-03-18,84,23,74,4,7,108
"March 19, 2025",2025-03-19,78,37,48,11,5,101
"March 20, 2025",2025-03-20,75,28,49,7,5,89
"March 21, 2025",2025-03-21,93,33,91,10,4,138
"March 22, 2025",2025-03-22,96,32,86,4,6,128
"March 23, 2025",2025-03-23,101,36,79,3,5,123
"March 24, 2025",2025-03-24,57,18,34,5,5,62
"March 25, 2025",2025-03-25,67,17,55,3,5,80
"March 26, 2025",2025-03-26,62,29,36,7,6,78
"March 27, 2025",2025-03-27,79,32,51,7,5,95
"March 28, 2025",2025-03-28,92,38,64,4,10,116
"March 29, 2025",2025-03-29,104,36,89,5,3,133
"March 30, 2025",2025-03-30,110,48,83,11,11,153
"March 31, 2025",2025-03-31,70,30,47,8,4,89
"April 1, 2025",2025-04-01,80,27,55,8,8,98
"April 2, 2025",2025-04-02,66,32,38,8,3,81
"April 3, 2025",2025-04-03,77,29,49,9,5,92
"April 4, 2025",2025-04-04,91,30,69,10,3,112
"April 5, 2025",2025-04-05,104,37,82,9,4,132
"April 6, 2025",2025-04-06,97,32,78,8,5,123
"April 7, 2025",2025-04-07,72,30,45,6,6,87
"April 8, 2025",2025-04-08,64,26,53,7,3,89
"April 9, 2025",2025-04-09,81,33,59,9,2,103
"April 10, 2025",2025-04-10,81,25,51,5,10,91
"April 11, 2025",2025-04-11,83,44,47,6,4,101
"April 12, 2025",2025-04-12,111,46,94,5,12,157
"April 13, 2025",2025-04-13,115,50,107,4,5,166
"April 14, 2025",2025-04-14,84,21,71,6,5,103
"April 15, 2025",2025-04-15,75,29,53,9,4,95
"April 16, 2025",2025-04-16,80,30,57,7,2,96
"April 17, 2025",2025-04-17,91,37,63,9,7,116
"April 18, 2025",2025-04-18,96,37,81,8,5,131
"April 19, 2025",2025-04-19,119,44,94,4,3,145
"April 20, 2025",2025-04-20,116,53,101,7,2,163
"April 21, 2025",2025-04-21,92,23,69,8,7,107
"April 22, 2025",2025-04-22,86,34,57,4,6,101
"April 23, 2025",2025-04-23,96,37,65,7,4,113
"April 24, 2025",2025-04-24,67,30,39,8,7,84
"April 25, 2025",2025-04-25,82,29,55,3,5,92
"April 26, 2025",2025-04-26,105,29,97,8,6,140
"April 27, 2025",2025-04-27,132,44,106,5,9,164
"April 28, 2025",2025-04-28,90,29,66,8,9,112
"April 29, 2025",2025-04-29,94,35,70,5,8,118
"April 30, 2025",2025-04-30,99,36,72,8,3,119
"May 1, 2025",2025-05-01,82,29,56,15,5,105
"May 2, 2025",2025-05-02,77,25,58,5,10,98
"May 3, 2025",2025-05-03,105,46,78,3,11,138
"May 4, 2025",2025-05-04,116,46,114,11,8,179
"May 5, 2025",2025-05-05,112,45,85,11,4,145
"May 6, 2025",2025-05-06,103,30,87,5,6,128
"May 7, 2025",2025-05-07,78,27,53,10,6,96
"May 8, 2025",2025-05-08,90,22,60,11,8,101
"May 9, 2025",2025-05-09,91,36,64,7,13,120
"May 10, 2025",2025-05-10,126,45,98,7,6,156
"May 11, 2025",2025-05-11,134,52,119,7,5,183
"May 12, 2025",2025-05-12,87,35,53,11,9,108
"May 13, 2025",2025-05-13,90,36,55,11,5,107
"May 14, 2025",2025-05-14,85,35,58,7,4,104
"May 15, 2025",2025-05-15,84,31,65,3,5,104
"May 16, 2025",2025-05-16,98,31,74,11,5,121
"May 17, 2025",2025-05-17,140,51,115,9,4,179
"May 18, 2025",2025-05-18,145,65,107,11,7,190
"May 19, 2025",2025-05-19,91,45,45,7,8,105
"May 20, 2025",2025-05-20,61,20,54,4,2,80
"May 21, 2025",2025-05-21,90,31,65,8,4,108
"May 22, 2025",2025-05-22,73,19,65,8,5,97
"May 23, 2025",2025-05-23,76,39,45,4,5,93
"May 24, 2025",2025-05-24,129,45,120,5,8,178
"May 25, 2025",2025-05-25,120,45,110,6,8,169
"May 26, 2025",2025-05-26,111,36,97,5,8,146
"May 27, 2025",2025-05-27,95,41,55,11,9,116
"May 28, 2025",2025-05-28,70,22,61,7,5,95
"May 29, 2025",2025-05-29,78,29,57,6,5,97
"May 30, 2025",2025-05-30,87,31,67,3,4,105
"May 31, 2025",2025-05-31,108,46,98,7,6,157
"June 1, 2025",2025-06-01,115,36,116,7,7,166
"June 2, 2025",2025-06-02,86,31,55,4,7,97
"June 3, 2025",2025-06-03,87,31,56,4,3,94
"June 4, 2025",2025-06-04,78,24,56,4,3,87
"June 5, 2025",2025-06-05,86,25,63,15,5,108
"June 6, 2025",2025-06-06,78,28,66,6,5,105
"June 7, 2025",2025-06-07,116,42,100,7,12,161
"June 8, 2025",2025-06-08,108,39,99,5,11,154
"June 9, 2025",2025-06-09,81,25,67,8,8,108
"June 10, 2025",2025-06-10,73,28,44,9,2,83
"June 11, 2025",2025-06-11,71,28,52,8,3,91
"June 12, 2025",2025-06-12,112,41,70,9,14,134
"June 13, 2025",2025-06-13,85,34,61,5,1,101
"June 14, 2025",2025-06-14,146,61,129,13,8,211
"June 15, 2025",2025-06-15,140,58,136,8,5,207
"June 16, 2025",2025-06-16,104,35,82,8,2,127
"June 17, 2025",2025-06-17,83,32,67,11,6,116
"June 18, 2025",2025-06-18,90,33,64,7,1,105
"June 19, 2025",2025-06-19,93,40,64,5,5,114
"June 20, 2025",2025-06-20,99,37,85,9,2,133
"June 21, 2025",2025-06-21,115,46,121,6,7,180
"June 22, 2025",2025-06-22,150,56,146,13,5,220
"June 23, 2025",2025-06-23,91,29,84,15,4,132
"June 24, 2025",2025-06-24,82,31,61,8,5,105
"June 25, 2025",2025-06-25,97,36,71,6,6,119
"June 26, 2025",2025-06-26,86,38,59,3,11,111
"June 27, 2025",2025-06-27,86,29,63,7,7,106
"June 28, 2025",2025-06-28,110,32,116,7,2,157
"June 29, 2025",2025-06-29,147,55,125,5,6,191
"June 30, 2025",2025-06-30,90,27,66,9,8,110
"July 1, 2025",2025-07-01,66,24,44,6,5,79
"July 2, 2025",2025-07-02,83,33,65,5,7,110
"July 3, 2025",2025-07-03,103,39,84,9,6,138
"July 4, 2025",2025-07-04,153,49,155,4,8,216
"July 5, 2025",2025-07-05,199,73,222,13,9,317
"July 6, 2025",2025-07-06,139,55,108,10,6,179
"July 7, 2025",2025-07-07,99,43,90,13,5,151
"July 8, 2025",2025-07-08,80,29,56,6,7,98
"July 9, 2025",2025-07-09,96,30,75,6,7,118
"July 10, 2025",2025-07-10,90,33,62,12,4,111
"July 11, 2025",2025-07-11,88,35,52,7,7,101
"July 12, 2025",2025-07-12,116,42,93,9,6,150
"July 13, 2025",2025-07-13,122,43,116,12,3,174
"July 14, 2025",2025-07-14,73,17,60,8,3,88
"July 15, 2025",2025-07-15,89,33,62,5,1,101
"July 16, 2025",2025-07-16,79,26,63,4,1,94
"July 17, 2025",2025-07-17,99,42,68,10,8,128
"July 18, 2025",2025-07-18,93,36,61,10,0,107
"July 19, 2025",2025-07-19,118,49,93,7,3,152
"July 20, 2025",2025-07-20,120,45,102,8,6,161
"July 21, 2025",2025-07-21,85,28,63,6,1,98
"July 22, 2025",2025-07-22,109,34,77,9,5,125
"July 23, 2025",2025-07-23,87,29,70,7,5,111
"July 24, 2025",2025-07-24,101,30,89,10,7,136
"July 25, 2025",2025-07-25,89,34,65,3,7,109
"July 26, 2025",2025-07-26,111,30,98,9,10,147
"July 27, 2025",2025-07-27,149,45,147,7,10,209
"July 28, 2025",2025-07-28,82,38,76,6,5,125
"July 29, 2025",2025-07-29,85,37,60,9,4,110
"July 30, 2025",2025-07-30,72,15,59,8,4,86
"July 31, 2025",2025-07-31,92,26,65,8,5,104
"August 1, 2025",2025-08-01,93,38,68,5,4,115
"August 2, 2025",2025-08-02,118,39,107,9,9,164
"August 3, 2025",2025-08-03,134,46,109,11,5,171
"August 4, 2025",2025-08-04,84,30,70,7,2,109
"August 5, 2025",2025-08-05,65,22,48,7,5,82
"August 6, 2025",2025-08-06,78,32,59,9,2,102
"August 7, 2025",2025-08-07,90,25,78,7,3,113
"August 8, 2025",2025-08-08,93,34,52,17,5,108
"August 9, 2025",2025-08-09,112,46,93,9,6,154
"August 10, 2025",2025-08-10,123,48,116,10,3,177
"August 11, 2025",2025-08-11,97,42,72,11,3,128
"August 12, 2025",2025-08-12,76,32,46,3,5,86
"August 13, 2025",2025-08-13,78,34,41,9,4,88
"August 14, 2025",2025-08-14,74,29,48,4,6,87
"August 15, 2025",2025-08-15,85,29,52,7,5,93
"August 16, 2025",2025-08-16,129,37,123,12,5,177
"August 17, 2025",2025-08-17,113,51,105,9,0,165
"August 18, 2025",2025-08-18,100,42,72,11,0,125
"August 19, 2025",2025-08-19,72,23,52,4,3,82
"August 20, 2025",2025-08-20,76,32,46,6,2,86
"August 21, 2025",2025-08-21,69,22,53,6,3,84
"August 22, 2025",2025-08-22,89,33,62,10,10,115
"August 23, 2025",2025-08-23,114,31,93,5,3,132
"August 24, 2025",2025-08-24,117,38,102,7,3,150
"August 25, 2025",2025-08-25,53,14,40,5,2,61
"August 26, 2025",2025-08-26,78,26,63,7,2,98
"August 27, 2025",2025-08-27,55,27,59,5,2,93
"August 28, 2025",2025-08-28,65,23,44,9,4,80
"August 29, 2025",2025-08-29,67,27,48,8,6,89
"August 30, 2025",2025-08-30,115,48,95,7,6,156
"August 31, 2025",2025-08-31,117,46,98,13,4,161
"September 1, 2025",2025-09-01,134,47,116,2,8,173
"September 2, 2025",2025-09-02,85,27,70,6,5,108
"September 3, 2025",2025-09-03,79,23,54,13,1,91
"September 4, 2025",2025-09-04,67,24,41,3,7,75
"September 5, 2025",2025-09-05,84,23,69,6,6,104
"September 6, 2025",2025-09-06,107,50,71,6,5,132
"September 7, 2025",2025-09-07,114,45,94,6,4,149
"September 8, 2025",2025-09-08,71,19,50,5,6,80
"September 9, 2025",2025-09-09,81,29,58,7,5,99
"September 10, 2025",2025-09-10,73,26,43,13,6,88
"September 11, 2025",2025-09-11,71,24,60,6,6,96
"September 12, 2025",2025-09-12,77,24,60,6,4,94
"September 13, 2025",2025-09-13,91,34,66,8,3,111
"September 14, 2025",2025-09-14,114,37,92,8,7,144
"September 15, 2025",2025-09-15,85,40,66,11,6,123
"September 16, 2025",2025-09-16,73,33,42,14,3,92
"September 17, 2025",2025-09-17,69,19,53,5,4,81
"September 18, 2025",2025-09-18,67,24,55,6,6,91
"September 19, 2025",2025-09-19,79,30,64,4,7,105
"September 20, 2025",2025-09-20,101,34,97,6,5,142
"September 21, 2025",2025-09-21,117,38,111,5,7,161
"September 22, 2025",2025-09-22,81,29,63,7,2,101
"September 23, 2025",2025-09-23,81,36,53,10,2,101
"September 24, 2025",2025-09-24,56,17,39,8,6,70
"September 25, 2025",2025-09-25,78,25,50,12,5,92
"September 26, 2025",2025-09-26,81,31,54,3,6,94
"September 27, 2025",2025-09-27,118,42,107,6,4,159
"September 28, 2025",2025-09-28,108,42,104,10,7,163
"September 29, 2025",2025-09-29,75,37,54,5,1,97
"September 30, 2025",2025-09-30,87,37,53,8,2,100
"October 1, 2025",2025-10-01,85,21,66,10,6,103
"October 2, 2025",2025-10-02,72,29,48,11,7,95
"October 3, 2025",2025-10-03,89,35,65,9,3,112
"October 4, 2025",2025-10-04,111,49,92,9,5,155
"October 5, 2025",2025-10-05,119,38,108,9,2,157
"October 6, 2025",2025-10-06,80,38,52,6,6,102
"October 7, 2025",2025-10-07,82,27,60,11,4,102
"October 8, 2025",2025-10-08,66,31,38,10,3,82
"October 9, 2025",2025-10-09,69,35,42,8,4,89
"October 10, 2025",2025-10-10,90,41,83,5,9,138
"October 11, 2025",2025-10-11,101,28,87,3,6,124
"October 12, 2025",2025-10-12,103,41,93,7,8,149
"October 13, 2025",2025-10-13,70,26,46,3,4,79
"October 14, 2025",2025-10-14,63,26,43,6,3,78
"October 15, 2025",2025-10-15,79,33,54,10,0,97
"October 16, 2025",2025-10-16,67,29,45,6,6,86
"October 17, 2025",2025-10-17,88,28,77,7,4,116
"October 18, 2025",2025-10-18,105,46,81,4,3,134
"October 19, 2025",2025-10-19,106,37,86,6,5,134
"October 20, 2025",2025-10-20,63,28,46,6,1,81
"October 21, 2025",2025-10-21,61,22,41,5,3,71
"October 22, 2025",2025-10-22,68,23,53,6,2,84
"October 23, 2025",2025-10-23,65,19,49,4,7,79
"October 24, 2025",2025-10-24,70,18,66,2,0,86
"October 25, 2025",2025-10-25,74,25,76,6,4,111
"October 26, 2025",2025-10-26,96,29,85,4,10,128
"October 27, 2025",2025-10-27,74,23,50,9,5,87
"October 28, 2025",2025-10-28,47,15,32,0,5,52
"October 29, 2025",2025-10-29,24,6,17,2,1,26
"October 30, 2025",2025-10-30,45,16,25,4,2,47
"October 31, 2025",2025-10-31,71,32,56,5,7,100
"November 1, 2025",2025-11-01,131,57,115,9,4,185
"November 2, 2025",2025-11-02,124,53,132,7,9,201
"November 3, 2025",2025-11-03,92,33,68,6,3,110
"November 4, 2025",2025-11-04,57,17,39,4,5,65
"November 5, 2025",2025-11-05,64,30,43,5,2,80
"November 6, 2025",2025-11-06,24,7,16,4,2,29
"November 7, 2025",2025-11-07,89,33,63,8,3,107
"November 8, 2025",2025-11-08,90,41,65,7,6,119
"November 9, 2025",2025-11-09,97,39,70,4,11,124
"November 10, 2025",2025-11-10,70,30,43,7,1,81
"November 11, 2025",2025-11-11,60,18,43,5,2,68
"November 12, 2025",2025-11-12,64,25,39,5,7,76
"November 13, 2025",2025-11-13,55,20,35,5,4,64
"November 14, 2025",2025-11-14,81,38,38,8,5,89
"November 15, 2025",2025-11-15,113,50,93,7,5,155
"November 16, 2025",2025-11-16,116,39,98,6,4,147
"November 17, 2025",2025-11-17,77,33,44,10,4,91
"November 18, 2025",2025-11-18,59,18,40,4,7,69
"November 19, 2025",2025-11-19,54,16,42,6,2,66
"November 20, 2025",2025-11-20,46,16,31,4,2,53
"November 21, 2025",2025-11-21,84,37,58,9,6,110
"November 22, 2025",2025-11-22,110,48,80,16,4,148
"November 23, 2025",2025-11-23,125,46,97,13,4,160
"November 24, 2025",2025-11-24,54,17,37,3,5,62
"November 25, 2025",2025-11-25,76,27,46,4,9,86
"November 26, 2025",2025-11-26,87,33,71,2,8,114
"November 27, 2025",2025-11-27,65,26,40,2,4,72
"November 28, 2025",2025-11-28,63,25,42,8,7,82
"November 29, 2025",2025-11-29,88,33,77,4,3,117
"November 30, 2025",2025-11-30,94,38,63,5,9,115
"December 1, 2025",2025-12-01,66,22,40,7,11,80
"December 2, 2025",2025-12-02,59,23,34,7,4,68
"December 3, 2025",2025-12-03,48,22,29,11,2,64
"December 4, 2025",2025-12-04,47,17,30,8,3,58
"December 5, 2025",2025-12-05,59,21,43,7,4,75
"December 6, 2025",2025-12-06,85,46,58,5,4,113
"December 7, 2025",2025-12-07,95,38,82,6,8,134
"December 8, 2025",2025-12-08,64,23,44,6,6,79
"December 9, 2025",2025-12-09,79,36,43,11,8,98
"December 10, 2025",2025-12-10,49,21,33,3,6,63
"December 11, 2025",2025-12-11,58,23,32,7,8,70
"December 12, 2025",2025-12-12,81,42,55,7,5,109
"December 13, 2025",2025-12-13,82,31,72,6,5,114
"December 14, 2025",2025-12-14,77,28,57,6,6,97
"December 15, 2025",2025-12-15,60,25,38,4,4,71
"December 16, 2025",2025-12-16,72,21,50,7,6,84
"December 17, 2025",2025-12-17,76,27,57,6,4,94
"December 18, 2025",2025-12-18,55,22,32,3,6,63
"December 19, 2025",2025-12-19,69,33,38,9,10,90
"December 20, 2025",2025-12-20,90,38,73,6,3,120
"December 21, 2025",2025-12-21,104,45,66,10,5,126
"December 22, 2025",2025-12-22,73,28,47,6,6,87
"December 23, 2025",2025-12-23,79,34,53,6,5,98
"December 24, 2025",2025-12-24,73,34,52,4,7,97
"December 25, 2025",2025-12-25,99,32,81,7,5,125
"December 26, 2025",2025-12-26,83,27,64,9,4,104
"December 27, 2025",2025-12-27,77,33,53,6,6,98
"December 28, 2025",2025-12-28,94,42,88,3,4,137
"December 29, 2025",2025-12-29,80,34,48,8,8,98
"December 30, 2025",2025-12-30,54,24,33,6,2,65
"December 31, 2025",2025-12-31,85,32,59,6,7,104
"January 1, 2026",2026-01-01,176,57,151,10,5,223
"January 2, 2026",2026-01-02,80,26,63,10,7,106
"January 3, 2026",2026-01-03,98,45,70,6,6,127
"January 4, 2026",2026-01-04,81,28,67,3,8,106
"January 5, 2026",2026-01-05,73,21,50,9,4,84
"January 6, 2026",2026-01-06,63,18,48,7,3,76
"January 7, 2026",2026-01-07,69,22,58,6,2,88
"January 8, 2026",2026-01-08,70,29,40,9,4,82
"January 9, 2026",2026-01-09,89,37,69,5,2,113
"January 10, 2026",2026-01-10,73,31,52,4,6,93
"January 11, 2026",2026-01-11,98,33,84,7,11,135
"January 12, 2026",2026-01-12,70,22,54,4,3,83
"January 13, 2026",2026-01-13,75,21,54,8,2,85
"January 14, 2026",2026-01-14,64,20,50,8,4,82
"January 15, 2026",2026-01-15,67,27,40,7,4,78
"January 16, 2026",2026-01-16,51,24,35,3,2,64
"January 17, 2026",2026-01-17,71,26,57,5,4,92
"January 18, 2026",2026-01-18,95,37,63,10,8,118
"January 19, 2026",2026-01-19,67,26,47,5,4,82
"January 20, 2026",2026-01-20,60,23,49,6,2,80
"January 21, 2026",2026-01-21,66,26,36,10,3,75
"January 22, 2026",2026-01-22,61,24,34,13,4,75
"January 23, 2026",2026-01-23,54,19,42,5,5,71
"January 24, 2026",2026-01-24,61,29,35,2,2,68
"January 25, 2026",2026-01-25,54,34,29,3,4,70
"January 26, 2026",2026-01-26,49,29,27,3,4,63
"January 27, 2026",2026-01-27,52,30,24,8,6,68
"January 28, 2026",2026-01-28,69,25,40,5,6,76
"January 29, 2026",2026-01-29,46,16,36,3,3,58
"January 30, 2026",2026-01-30,69,28,50,4,5,87
"January 31, 2026",2026-01-31,70,23,59,5,7,94
"February 1, 2026",2026-02-01,68,31,51,3,3,88
"February 2, 2026",2026-02-02,69,25,48,5,10,88
"February 3, 2026",2026-02-03,86,35,59,14,8,116
"February 4, 2026",2026-02-04,70,30,46,4,3,83
"February 5, 2026",2026-02-05,49,21,20,8,6,55
"February 6, 2026",2026-02-06,60,23,40,6,2,71
"February 7, 2026",2026-02-07,76,34,50,7,0,91
"February 8, 2026",2026-02-08,94,34,74,9,8,125
"February 9, 2026",2026-02-09,72,25,51,6,4,86
"February 10, 2026",2026-02-10,68,33,43,9,6,91
"February 11, 2026",2026-02-11,58,27,35,6,1,69
"February 12, 2026",2026-02-12,62,31,37,4,3,75
"February 13, 2026",2026-02-13,70,24,44,7,6,81
"February 14, 2026",2026-02-14,126,33,96,9,11,149
"February 15, 2026",2026-02-15,102,46,89,5,7,147
"February 16, 2026",2026-02-16,75,30,55,6,8,99
"February 17, 2026",2026-02-17,77,30,52,9,4,95
"February 18, 2026",2026-02-18,75,21,63,3,1,88
"February 19, 2026",2026-02-19,70,26,52,10,3,91
"February 20, 2026",2026-02-20,62,28,41,8,3,80
"February 21, 2026",2026-02-21,83,40,61,7,12,120
"February 22, 2026",2026-02-22,84,23,76,5,5,109
"February 23, 2026",2026-02-23,62,23,46,8,1,78
"February 24, 2026",2026-02-24,54,18,36,5,4,63
"February 25, 2026",2026-02-25,57,24,38,5,5,72
"February 26, 2026",2026-02-26,54,16,37,4,3,60
"February 27, 2026",2026-02-27,69,28,48,5,2,83
"February 28, 2026",2026-02-28,93,43,75,7,4,129
"March 1, 2026",2026-03-01,99,41,98,8,4,151
"March 2, 2026",2026-03-02,55,20,38,5,2,65
"March 3, 2026",2026-03-03,55,22,35,7,6,70
"March 4, 2026",2026-03-04,64,26,43,8,4,81
"March 5, 2026",2026-03-05,65,23,41,7,6,77
"March 6, 2026",2026-03-06,80,27,66,4,3,100
"March 7, 2026",2026-03-07,86,32,79,4,3,118
"March 8, 2026",2026-03-08,98,35,85,9,1,130
"March 9, 2026",2026-03-09,77,28,54,8,4,94
"March 10, 2026",2026-03-10,69,25,44,9,6,84
"March 11, 2026",2026-03-11,63,23,43,5,1,72
"March 12, 2026",2026-03-12,64,21,47,9,4,81
"March 13, 2026",2026-03-13,70,26,52,7,1,86
"March 14, 2026",2026-03-14,88,29,77,3,7,116
"March 15, 2026",2026-03-15,106,38,74,8,8,128
"March 16, 2026",2026-03-16,47,13,36,6,2,57
"March 17, 2026",2026-03-17,72,27,46,7,1,81
"March 18, 2026",2026-03-18,64,27,43,6,1,77
"March 19, 2026",2026-03-19,68,19,47,10,3,79
"March 20, 2026",2026-03-20,83,30,61,5,3,99
"March 21, 2026",2026-03-21,89,28,86,5,1,120
"March 22, 2026",2026-03-22,114,69,105,4,2,180
"March 23, 2026",2026-03-23,65,29,49,5,3,86
"March 24, 2026",2026-03-24,66,34,41,4,4,83
"March 25, 2026",2026-03-25,62,19,43,9,5,76
"March 26, 2026",2026-03-26,72,19,64,3,2,88
"March 27, 2026",2026-03-27,68,25,49,10,2,86
"March 28, 2026",2026-03-28,89,36,71,4,4,115
"March 29, 2026",2026-03-29,96,34,93,5,5,137
"March 30, 2026",2026-03-30,86,35,68,8,5,116
"March 31, 2026",2026-03-31,73,36,45,6,1,88
"April 1, 2026",2026-04-01,73,32,48,15,3,98
"April 2, 2026",2026-04-02,69,23,45,7,4,79
"April 3, 2026",2026-04-03,75,18,64,5,5,92
"April 4, 2026",2026-04-04,99,27,79,6,2,114
"April 5, 2026",2026-04-05,91,39,78,0,3,120
"April 6, 2026",2026-04-06,77,21,61,7,5,94
"April 7, 2026",2026-04-07,70,25,43,8,5,81
"April 8, 2026",2026-04-08,74,27,55,8,2,92
"April 9, 2026",2026-04-09,81,32,48,11,3,94
"April 10, 2026",2026-04-10,73,25,56,7,3,91
"April 11, 2026",2026-04-11,107,37,106,6,5,154
"April 12, 2026",2026-04-12,103,32,89,9,3,133
"April 13, 2026",2026-04-13,80,31,53,9,6,99
"April 14, 2026",2026-04-14,85,32,55,6,3,96
"April 15, 2026",2026-04-15,78,27,63,8,4,102
"April 16, 2026",2026-04-16,65,14,51,5,4,74
"April 17, 2026",2026-04-17,83,35,57,1,3,96
"April 18, 2026",2026-04-18,117,40,104,15,5,164
"April 19, 2026",2026-04-19,91,48,73,7,4,132
"April 20, 2026",2026-04-20,69,26,52,9,7,94
"April 21, 2026",2026-04-21,70,31,41,8,5,85
"April 22, 2026",2026-04-22,69,24,49,9,5,87
"April 23, 2026",2026-04-23,69,21,59,6,2,88
"April 24, 2026",2026-04-24,77,24,54,11,5,94
"April 25, 2026",2026-04-25,94,29,68,6,4,107
"April 26, 2026",2026-04-26,103,27,93,9,7,136
"April 27, 2026",2026-04-27,71,26,61,5,5,97
"April 28, 2026",2026-04-28,75,24,58,5,2,89
"April 29, 2026",2026-04-29,62,17,44,8,4,73
"April 30, 2026",2026-04-30,48,19,37,4,2,62
"May 1, 2026",2026-05-01,69,22,56,5,1,84
"May 2, 2026",2026-05-02,84,37,66,8,6,117
"May 3, 2026",2026-05-03,102,37,111,12,6,166
"May 4, 2026",2026-05-04,73,21,65,9,5,100
"May 5, 2026",2026-05-05,80,39,67,3,3,112
"May 6, 2026",2026-05-06,79,26,50,11,6,93
"May 7, 2026",2026-05-07,75,30,56,6,4,96
"May 8, 2026",2026-05-08,86,31,63,11,10,115
"May 9, 2026",2026-05-09,108,36,93,8,6,143
"May 10, 2026",2026-05-10,103,33,90,5,8,136
"May 11, 2026",2026-05-11,67,20,47,9,7,83
"May 12, 2026",2026-05-12,85,27,57,12,3,99
"May 13, 2026",2026-05-13,69,22,53,7,2,84
"May 14, 2026",2026-05-14,86,27,56,10,6,99
"May 15, 2026",2026-05-15,82,21,73,6,3,103
"May 16, 2026",2026-05-16,94,25,86,7,4,122
"May 17, 2026",2026-05-17,111,34,103,4,7,148
"May 18, 2026",2026-05-18,78,25,57,11,6,99
"May 19, 2026",2026-05-19,64,20,45,4,4,73
"May 20, 2026",2026-05-20,63,25,40,4,4,73
"May 21, 2026",2026-05-21,64,15,59,4,3,81
"May 22, 2026",2026-05-22,90,36,71,5,4,116
"May 23, 2026",2026-05-23,88,23,78,8,4,113
"May 24, 2026",2026-05-24,126,43,112,7,7,169
"May 25, 2026",2026-05-25,112,38,104,9,4,155
"May 26, 2026",2026-05-26,83,32,64,7,5,108
"May 27, 2026",2026-05-27,71,28,51,7,4,90
"May 28, 2026",2026-05-28,84,24,73,9,2,108
"May 29, 2026",2026-05-29,70,15,52,5,6,78
"May 30, 2026",2026-05-30,89,32,70,5,1,108
"May 31, 2026",2026-05-31,96,28,87,3,2,120
"June 1, 2026",2026-06-01,80,38,59,5,4,106
"June 2, 2026",2026-06-02,71,17,56,5,7,85
"June 3, 2026",2026-06-03,60,19,50,7,4,80
"June 4, 2026",2026-06-04,81,25,65,9,7,106
"June 5, 2026",2026-06-05,81,33,62,13,2,110
"June 6, 2026",2026-06-06,111,43,117,5,3,168
"June 7, 2026",2026-06-07,112,33,101,8,5,147
"June 8, 2026",2026-06-08,82,33,57,4,7,101
"June 9, 2026",2026-06-09,81,35,63,3,6,107
"June 10, 2026",2026-06-10,76,34,59,7,4,104
"June 11, 2026",2026-06-11,72,23,56,7,5,91
"June 12, 2026",2026-06-12,71,21,62,8,3,94
"June 13, 2026",2026-06-13,114,46,102,5,6,159
"June 14, 2026",2026-06-14,102,38,89,6,4,137
"June 15, 2026",2026-06-15,84,24,68,4,9,105
"June 16, 2026",2026-06-16,88,33,73,9,2,117
"June 17, 2026",2026-06-17,57,24,43,6,5,78
"June 18, 2026",2026-06-18,72,27,49,4,7,87
"June 19, 2026",2026-06-19,108,32,106,10,3,151
"June 20, 2026",2026-06-20,109,38,98,6,1,143
"June 21, 2026",2026-06-21,109,46,94,7,6,153
"June 22, 2026",2026-06-22,78,35,60,3,4,102
"June 23, 2026",2026-06-23,89,31,66,5,8,110
"June 24, 2026",2026-06-24,77,25,54,6,4,89
"June 25, 2026",2026-06-25,73,27,55,6,5,93
"June 26, 2026",2026-06-26,78,34,48,9,2,93
"June 27, 2026",2026-06-27,106,40,104,6,1,151
"June 28, 2026",2026-06-28,133,37,126,6,2,171
"June 29, 2026",2026-06-29,82,27,66,7,5,105
"June 30, 2026",2026-06-30,78,26,63,3,2,94
"July 1, 2026",2026-07-01,59,17,42,4,5,68
"July 2, 2026",2026-07-02,69,23,50,4,4,81
"July 3, 2026",2026-07-03,61,23,48,8,2,81
"July 4, 2026",2026-07-04,161,46,196,2,4,248
"July 5, 2026",2026-07-05,174,71,210,9,5,295
"July 6, 2026",2026-07-06,86,31,82,3,6,122
"July 7, 2026",2026-07-07,91,35,55,9,6,105
"July 8, 2026",2026-07-08,71,21,55,4,3,83
"July 9, 2026",2026-07-09,63,14,57,5,2,78
"July 10, 2026",2026-07-10,95,41,70,9,3,123
"July 11, 2026",2026-07-11,99,37,83,3,4,127
"July 12, 2026",2026-07-12,112,38,102,4,6,150
"July 13, 2026",2026-07-13,67,22,67,3,6,98
"July 14, 2026",2026-07-14,69,18,56,1,5,80
"July 15, 2026",2026-07-15,60,17,40,5,7,69
"July 16, 2026",2026-07-16,71,26,60,4,2,92
"July 17, 2026",2026-07-17,65,16,51,6,4,77
"July 18, 2026",2026-07-18,50,21,43,0,3,67
"July 19, 2026",2026-07-19,46,17,70,2,2,91
